,startTime,beatInMeasure,metricStrength,numberOfNotes,duration,durationSecs,locationInPiece,pitchX2,pitchX1,pitchX0,pitchContourX2,pitchContourX1,pitchContourX0,rhythmDrops,rhythmRises,rhythmContourX2,rhythmContourX1,rhythmContourX0,boundaryValue,locationStrongestNote,pieceKey,pieceMode,probChord_I,probChord_II,probChord_III,probChord_IV,probChord_V,probChord_VI,probChord_VII,initialChord,finalChord,hasDissonance,dissonanceLocation,isSoloPiece,pieceId,motifId,pieceDynMean,pieceDynStd,dynamicsX2,dynamicsX1,dynamicsX0
0,0.23142857142857143,0.0,3,11,8.0,3.0069841269841273,0.0,2.3310023310024013,-10.149184149184217,12.804195804195821,5.477855477855488,-7.7505827505827565,1.5034965034965047,True,True,5.536130536130558,-4.490675990676011,1.6713286713286764,1.0,0.0,-2,Major,0.0,0.0,0.0,0.0,0.0,0.0,0.0,0,4,True,0.30000000000000004,False,2382,0,2.5928272862074664e-08,1.0000001192092896,-0.5232906080592775,0.4465943761445937,-0.0835626773207504
1,3.2384126984126986,0.0,3,11,8.0,2.728344671201814,0.021220159151193633,18.881118881119008,-27.244755244755368,14.74125874125877,31.8181818181819,-32.8181818181819,5.727272727272747,True,True,4.224941724941746,-2.83857808857811,1.2360139860139905,0.5303512114530078,0.0,-2,Major,0.0,0.0,0.09090909090909091,0.09090909090909091,0.0,0.0,0.0,0,4,True,0.30000000000000004,False,2382,1,2.5928272862074664e-08,1.0000001192092896,-0.23944552946237035,0.02316443189712501,0.06617293738028303
2,5.966757369614513,0.0,3,11,8.0,2.9257142857142853,0.042440318302387266,2.3310023310024013,-10.149184149184217,12.804195804195821,5.477855477855488,-7.7505827505827565,1.5034965034965047,True,True,4.224941724941746,-2.83857808857811,1.2360139860139905,0.7248436887902074,0.0,-2,Major,0.0,0.0,0.0,0.09090909090909091,0.09090909090909091,0.0,0.0,0,4,True,0.30000000000000004,False,2382,2,2.5928272862074664e-08,1.0000001192092896,-0.6030505135000402,0.5224449349014638,-0.028976161186429823
3,8.892471655328798,0.0,3,11,8.0,2.728344671201814,0.0636604774535809,18.881118881119008,-27.244755244755368,14.74125874125877,31.8181818181819,-32.8181818181819,5.727272727272747,True,True,4.224941724941746,-2.83857808857811,1.2360139860139905,0.5303512114530078,0.0,-2,Major,0.0,0.0,0.09090909090909091,0.09090909090909091,0.0,0.0,0.0,0,4,True,0.30000000000000004,False,2382,3,2.5928272862074664e-08,1.0000001192092896,-0.29287978289993133,0.1444024114658335,0.012226011665476579
4,11.620816326530612,0.0,3,2,1.5,0.6153287981859421,0.08488063660477453,0.0,11.999999999999998,0.0,0.0,13.999999999999996,-1.9999999999999984,True,True,0.0,1.7499999999999996,0.2499999999999998,0.576884528481587,0.0,-2,Major,0.0,0.0,0.0,0.0,0.0,0.0,0.0,0,4,True,0.0,False,2382,4,2.5928272862074664e-08,1.0000001192092896,-0.25056991260498773,0.4359934190288186,-0.09469137620180851
5,11.620816326530612,0.0,3,5,3.5,1.3931972789115648,0.08488063660477453,-13.714285714285692,18.514285714285695,3.0857142857142823,22.857142857142925,-21.257142857142927,4.057142857142871,True,True,0.5714285714285762,0.4285714285714239,0.7214285714285718,0.576884528481587,0.0,-2,Major,0.0,0.0,0.0,0.0,0.0,0.0,0.0,0,0,True,0.0,False,2382,5,2.5928272862074664e-08,1.0000001192092896,-0.056393220893700184,0.17010276685892187,-0.024104618314992308
6,11.620816326530612,0.0,3,8,5.5,2.124625850340136,0.08488063660477453,-10.499999999999982,13.499999999999968,4.500000000000006,20.416666666666703,-20.250000000000043,4.083333333333338,True,True,0.21874999999999897,0.46874999999999956,0.8437500000000001,0.576884528481587,0.0,-2,Major,0.0,0.0,0.0,0.0,0.0,0.0,0.0,0,4,True,0.0,False,2382,6,2.5928272862074664e-08,1.0000001192092896,0.010088040838987105,0.0881978966099765,-0.0010672484510852484
7,12.236145124716554,1.5,2,3,2.0,0.7778684807256226,0.08885941644562334,48.00000000000002,-48.000000000000036,11.999999999999993,72.00000000000006,-60.00000000000006,-4.10232039761827e-15,True,True,0.9999999999999996,0.4999999999999994,0.5000000000000002,0.31939629273583153,0.0,-2,Major,0.05555555555555555,0.05555555555555555,0.1111111111111111,0.05555555555555555,0.05555555555555555,0.0,0.05555555555555555,2,0,True,0.0,False,2382,7,2.5928272862074664e-08,1.0000001192092896,0.05859853076149845,0.06381111989529537,-0.002124830315421734
8,12.236145124716554,1.5,2,6,4.0,1.509297052154194,0.08885941644562334,10.714285714285683,-10.714285714285683,9.428571428571423,16.071428571428573,-9.214285714285715,-1.285714285714285,True,True,0.22321428571428717,0.6339285714285701,0.7678571428571429,0.31939629273583153,0.8333333134651184,-2,Major,0.0,0.0,0.0,0.0,0.0,0.0,0.0,2,4,True,0.0,False,2382,8,2.5928272862074664e-08,1.0000001192092896,0.11893657642896473,-0.024655699320702395,0.02472470465793539
9,12.236145124716554,1.5,2,13,8.0,3.030204081632652,0.08885941644562334,3.884115884115906,-4.8071928071928385,8.747252747252757,11.076923076923093,-6.461538461538476,-0.46153846153846007,True,True,0.6833166833166829,-0.3206793206793212,1.0384615384615394,0.31939629273583153,0.3571428656578064,-2,Major,0.0,0.0,0.0,0.0,0.0,0.0,0.0,2,0,True,0.0,False,2382,9,2.5928272862074664e-08,1.0000001192092896,0.1022295688127146,0.031094966413269084,0.030074336019326745
10,13.014013605442177,3.5,0,3,2.0,0.7314285714285713,0.09416445623342175,48.00000000000002,-48.000000000000036,11.999999999999993,72.00000000000006,-60.00000000000006,-4.10232039761827e-15,True,True,0.9999999999999996,0.4999999999999994,0.5000000000000002,0.31939629273583153,0.5,-2,Major,0.0,0.0,0.0,0.0,0.0,0.0,0.0,2,4,True,0.0,False,2382,10,2.5928272862074664e-08,1.0000001192092896,-0.06981623731553575,0.2768756366334858,-0.054922713572159415
11,13.014013605442177,3.5,0,10,6.0,2.2523356009070294,0.09416445623342175,8.590909090909145,-9.463636363636416,9.309090909090921,15.954545454545489,-9.954545454545485,-0.4363636363636302,True,True,1.073863636363638,-0.5284090909090923,0.9863636363636364,0.31939629273583153,0.10000000149011612,-2,Major,0.0,0.0,0.0,0.0,0.0,0.0,0.0,2,0,True,0.0,False,2382,11,2.5928272862074664e-08,1.0000001192092896,-0.00905175600507212,0.15422329732131088,0.01615757504151321
12,13.014013605442177,3.5,0,13,8.0,2.9721541950113384,0.09416445623342175,12.371628371628372,-10.525474525474532,9.120879120879128,4.603396603396634,-0.3836163836164127,-1.2527472527472479,True,True,0.6833166833166844,-0.18881118881118908,0.9725274725274728,0.31939629273583153,0.0714285746216774,-2,Major,0.0,0.0,0.07692307692307693,0.0,0.0,0.0,0.0,2,0,True,0.0,False,2382,12,2.5928272862074664e-08,1.0000001192092896,0.42280476660002914,-0.13123502176954382,0.05397677109084252
13,13.745442176870748,1.5,2,7,4.0,1.5209070294784581,0.09946949602122016,19.714285714285705,-20.142857142857142,10.380952380952385,25.71428571428576,-17.142857142857196,-0.42857142857141606,True,True,1.0714285714285734,-0.10714285714285812,0.7380952380952379,0.31939629273583153,0.8333333134651184,-2,Major,0.0,0.0,0.0,0.0,0.0,0.0,0.0,2,0,True,0.0,False,2382,13,2.5928272862074664e-08,1.0000001192092896,-0.021998286083504428,0.1632571322331718,0.02879957713514237
14,13.745442176870748,1.5,2,10,6.0,2.240725623582767,0.09946949602122016,14.72727272727274,-12.000000000000012,9.018181818181823,4.909090909090948,0.43636363636359204,-1.745454545454536,True,True,0.15340909090909194,0.6102272727272717,0.7409090909090911,0.31939629273583153,0.5,-2,Major,0.0,0.0,0.1,0.0,0.0,0.0,0.0,2,0,True,0.0,False,2382,14,2.5928272862074664e-08,1.0000001192092896,0.4336245748412554,-0.1317487669081382,0.06941895102871994
15,15.266349206349206,1.5,2,3,2.0,0.7198185941043089,0.11007957559681697,48.00000000000002,-48.000000000000036,11.999999999999993,72.00000000000006,-60.00000000000006,-4.10232039761827e-15,True,True,0.9999999999999996,0.4999999999999994,0.5000000000000002,0.31939629273583153,0.0,-2,Major,0.0,0.0,0.3333333333333333,0.0,0.0,0.0,0.0,0,0,False,-1.0,False,2382,15,2.5928272862074664e-08,1.0000001192092896,-0.0970030951845856,0.47615481041637886,0.05643264962626362
16,15.266349206349206,1.5,2,13,8.0,2.925714285714287,0.11007957559681697,2.157842157842166,-7.300699300699323,11.054945054945069,11.65234765234767,-7.564435564435584,-0.41758241758241316,True,True,0.8631368631368613,-0.33566433566433423,0.9835164835164841,0.31939629273583153,0.3571428656578064,-2,Major,0.0,0.0,0.07692307692307693,0.0,0.0,0.0,0.0,0,4,True,0.9166666666666666,False,2382,16,2.5928272862074664e-08,1.0000001192092896,-0.8787854602105656,0.8546533108535028,0.14098590423790816
17,15.986167800453515,3.5,0,10,6.0,2.205895691609978,0.11538461538461539,9.818181818181873,-14.400000000000041,11.345454545454553,15.954545454545476,-10.172727272727291,-0.727272727272718,True,True,0.3068181818181803,0.511363636363637,0.7363636363636364,0.31939629273583153,0.10000000149011612,-2,Major,0.0,0.0,0.0,0.0,0.0,0.0,0.0,0,4,True,0.8888888888888888,False,2382,17,2.5928272862074664e-08,1.0000001192092896,-0.7865967952021449,0.6789244328588835,0.2025664075648873
18,18.192063492063493,1.5,2,24,16.0,5.863038548752833,0.1312997347480106,-6.554195804195809,6.374195804195809,7.128461538461537,-11.717132867132868,11.097132867132867,-1.9746153846153842,True,True,3.39973776223777,-2.5247377622377694,1.3336538461538479,0.31939629273583153,0.18518517911434174,-2,Major,0.0,0.0,0.041666666666666664,0.0,0.0,0.0,0.0,2,4,True,0.0,False,2382,18,2.5928272862074664e-08,1.0000001192092896,0.2964113553913824,0.09604595008005606,0.036719839858485905
19,24.055102040816326,1.5,2,3,3.0,0.7082086167800448,0.17374005305039789,7.800297987369321e-15,-4.000000000000007,3.9999999999999987,36.00000000000005,-54.00000000000006,15.999999999999988,True,True,4.4000000059604645,-0.6000000089406983,0.20000000298023252,0.6412459066828692,0.0,-2,Major,0.0,0.0,0.0,0.0,0.0,0.0,0.0,0,0,False,-1.0,False,2382,19,2.5928272862074664e-08,1.0000001192092896,-0.10131579637527419,0.034302085638045834,0.48420304059982283
20,24.76331065759637,0.5,2,9,9.0,1.9969160997732445,0.1816976127320955,8.65800865800865,-23.45800865800865,13.88484848484849,3.3939393939394136,-0.5939393939394131,-2.7939393939393895,True,True,0.46753246753247063,1.0324675324675283,1.0681818181818181,0.653415197725254,0.5,-2,Major,0.0,0.0,0.0,0.0,0.0,0.0,0.0,2,4,False,-1.0,False,2382,20,2.5928272862074664e-08,1.0000001192092896,0.10988170281052552,-0.17628448829054869,0.5361294485628606
21,26.760226757369615,1.5,2,25,24.0,5.479909297052153,0.20557029177718833,-31.46488294314385,15.735652173913065,14.878974358974357,15.015384615384583,-20.572307692307653,5.176752136752129,True,True,0.6822742423883751,0.02080268032175121,1.4407692305348891,0.6634071487806819,0.2954545319080353,-2,Major,0.0,0.0,0.0,0.0,0.04,0.04,0.0,0,4,False,-1.0,False,2382,21,2.5928272862074664e-08,1.0000001192092896,0.5066677763271401,-0.6083613326067322,0.5753099398930438
22,32.24013605442177,1.5,2,16,15.0,3.390113378684809,0.2692307692307692,24.343487394958004,-32.10819327731093,15.919117647058817,29.621848739495835,-34.47478991596642,7.784313725490199,True,True,1.4968487336261116,-0.6439075560598514,1.4522058815129242,0.6634071487806819,0.5,-2,Major,0.0,0.0,0.0625,0.0,0.0,0.0,0.0,0,4,False,-1.0,False,2382,22,2.5928272862074664e-08,1.0000001192092896,-0.8133879822146683,0.3451005027629444,0.4574639281257984
23,35.63024943310658,0.5,2,29,30.0,6.675714285714285,0.3090185676392573,21.995797800024786,-42.437177110369646,26.65228031145721,25.228031145717445,-23.559065628476077,3.3579532814238093,True,True,0.7722984364972504,-0.2860915397399915,1.5764182422231392,0.7248437736113934,0.125,-2,Major,0.0,0.0,0.0,0.0,0.0,0.0,0.0,1,2,False,-1.0,False,2382,23,2.5928272862074664e-08,1.0000001192092896,-0.7074880565503624,0.4502709705555826,0.2731905338297097
24,42.30596371882086,2.5,0,18,18.0,4.040294784580496,0.3885941644562334,5.032894736842097,-11.822368421052627,8.017543859649123,-11.389254385964893,13.740131578947356,-3.850877192982452,True,True,0.1258223684210589,0.6636513157894679,1.3750000000000016,0.7248437736113934,0.59375,-2,Major,0.0,0.0,0.0,0.0,0.0,0.0,0.0,2,4,False,-1.0,False,2382,24,2.5928272862074664e-08,1.0000001192092896,-0.06906966559056714,0.30160746864442295,0.22031228579580775
25,46.34625850340136,0.5,2,19,18.0,4.017052154195014,0.4363395225464191,33.866430782839444,-28.561167624944694,6.415037593984958,24.957983193277315,-26.82114108801414,6.123308270676695,True,True,0.3244139806246732,0.16769128472918288,1.4672932332171515,0.7248438156281918,0.21875,-2,Major,0.05263157894736842,0.0,0.0,0.0,0.0,0.0,0.10526315789473684,0,4,False,-1.0,False,2382,25,2.5928272862074664e-08,1.0000001192092896,-0.43989603168980684,0.4322412678220568,0.3882356490026794
26,50.36331065759637,2.5,0,3,3.0,0.673378684807254,0.48408488063660476,0.0,0.0,0.0,-24.000000000000036,36.00000000000004,-11.999999999999991,True,True,4.5,-0.7500000000000023,0.2500000000000002,0.7248438033732912,0.5,-2,Major,0.0,0.0,0.0,0.0,0.0,0.0,0.0,4,4,False,-1.0,False,2382,26,2.5928272862074664e-08,1.0000001192092896,-0.16639797389507308,0.2227053716778757,0.1163933649659157
27,51.036689342403626,1.5,2,29,30.0,6.559637188208619,0.4920424403183024,21.995797800024786,-42.437177110369646,26.65228031145721,25.228031145717445,-23.559065628476077,3.3579532814238093,True,True,0.7722984364972504,-0.2860915397399915,1.5764182422231392,0.7248437736113934,0.2321428507566452,-2,Major,0.0,0.0,0.06896551724137931,0.0,0.0,0.0,0.0,1,2,False,-1.0,False,2382,27,2.5928272862074664e-08,1.0000001192092896,-0.9826627263923049,0.784413515043712,0.19778849318480246
28,57.596326530612245,3.5,0,18,18.0,3.854512471655326,0.5716180371352785,5.032894736842097,-11.822368421052627,8.017543859649123,-11.389254385964893,13.740131578947356,-3.850877192982452,True,True,0.1258223684210589,0.6636513157894679,1.3750000000000016,0.7248437736113934,0.03125,-2,Major,0.0,0.0,0.0,0.0,0.0,0.0,0.0,2,4,False,-1.0,False,2382,28,2.5928272862074664e-08,1.0000001192092896,-0.28923244534672604,0.525410526490712,0.22562948494524393
29,61.45083900226757,1.5,2,3,3.0,0.6849886621315235,0.6193633952254642,0.0,0.0,0.0,34.00000000000005,-51.000000000000064,16.999999999999993,True,True,4.5,-0.7500000000000023,0.2500000000000002,0.7248438156281918,0.0,-2,Major,0.0,0.0,0.0,0.0,0.0,0.0,0.0,0,0,False,-1.0,False,2382,29,2.5928272862074664e-08,1.0000001192092896,-0.07126748561859131,0.08724278211593639,0.359972059726715
30,61.45083900226757,1.5,2,6,6.0,1.36997732426304,0.6193633952254642,-1.0000908263121948e-14,-6.428571428571419,5.7142857142857135,46.87499999999994,-59.732142857142804,14.678571428571425,True,True,1.0044642857142865,1.1383928571428559,0.8125000000000004,0.7248438156281918,0.0,-2,Major,0.0,0.0,0.0,0.0,0.0,0.0,0.0,0,2,False,-1.0,False,2382,30,2.5928272862074664e-08,1.0000001192092896,-0.21775782640491295,0.39216118731669064,0.33280544834477543
31,62.135827664399095,0.5,2,3,3.0,0.6849886621315164,0.6273209549071618,0.0,0.0,0.0,-10.000000000000016,15.000000000000021,-4.999999999999999,True,True,4.5,-0.7500000000000023,0.2500000000000002,0.7248437450399765,0.0,-2,Major,0.0,0.0,0.0,0.0,0.0,0.0,0.0,2,2,False,-1.0,False,2382,31,2.5928272862074664e-08,1.0000001192092896,-0.11900353431701638,0.0371544361114501,0.5551919341087338
32,62.135827664399095,0.5,2,6,6.0,1.36997732426304,0.6273209549071618,1.1765774427202292e-15,6.428571428571429,-0.7142857142857147,-20.089285714285698,24.374999999999993,-4.821428571428571,True,True,1.0044642857142865,1.1383928571428559,0.8125000000000004,0.7248437450399765,0.875,-2,Major,0.0,0.0,0.0,0.0,0.0,0.0,0.0,2,0,False,-1.0,False,2382,32,2.5928272862074664e-08,1.0000001192092896,-0.09757328033447102,-0.1165685176849382,0.5624948203563691
33,62.82081632653061,3.5,0,3,3.0,0.6849886621315235,0.6352785145888594,0.0,0.0,0.0,10.000000000000016,-15.000000000000021,4.999999999999999,True,True,4.5,-0.7500000000000023,0.2500000000000002,0.7248437450399765,0.5,-2,Major,0.0,0.0,0.0,0.0,0.0,0.0,0.0,0,0,False,-1.0,False,2382,33,2.5928272862074664e-08,1.0000001192092896,0.0,-0.05855432152748108,0.4120520949363708
34,63.505804988662135,2.5,0,7,6.0,1.2422675736961395,0.6432360742705571,10.714285714285719,-7.50000000000001,0.5952380952380982,2.219645429017819e-14,6.428571428571412,-3.2142857142857126,True,True,0.10714285714286353,1.0178571428571388,0.9523809523809527,0.7248437450399765,0.6666666865348816,-2,Major,0.0,0.0,0.0,0.0,0.0,0.0,0.0,2,0,False,-1.0,False,2382,34,2.5928272862074664e-08,1.0000001192092896,-0.22567061015537762,0.3808551890509464,0.35796241930552863
35,64.74807256235827,0.5,2,3,3.0,0.6849886621315164,0.6591511936339522,0.0,0.0,0.0,14.00000000000002,-21.000000000000025,6.999999999999996,True,True,4.6666666865348825,-1.0000000298023237,0.33333334326744063,0.5519741141087502,0.0,-2,Major,0.3333333333333333,0.0,0.0,0.3333333333333333,0.0,0.0,0.3333333333333333,1,1,False,-1.0,False,2382,35,2.5928272862074664e-08,1.0000001192092896,0.07765692472457905,-0.018723934888839854,0.3028073906898498
36,65.43306122448979,3.5,0,17,22.5,6.942766439909306,0.6671087533156499,22.62125902992776,-43.20949432404543,26.53457172342623,10.138286893704851,-7.275541795665637,-0.8472652218782253,True,True,2.7739938080495374,-1.2053663570691453,0.9579463364293093,0.47484381872416687,0.03333333507180214,-2,Major,0.0,0.0,0.0,0.0,0.0,0.0,0.0,1,0,False,-1.0,False,2382,36,2.5928272862074664e-08,1.0000001192092896,-0.0987529598543164,-0.10220145229359003,0.2897707556135692
37,72.3758276643991,2.0,2,3,10.0,4.051882086167794,0.726790450928382,2.0,-1.0000000000000009,0.0,-12.000000000000018,20.000000000000018,-6.999999999999996,True,True,32.133333340287216,-14.200000010430827,0.06666667014360744,0.8657021165830746,0.0,-2,Major,0.0,0.0,0.3333333333333333,0.0,0.0,0.0,0.0,2,2,True,1.0,False,2382,37,2.5928272862074664e-08,1.0000001192092896,-0.1538961460547788,0.3088816462882931,0.45346788316965075
38,76.42770975056689,0.0,3,3,10.0,4.214421768707481,0.753315649867374,2.0,-1.0000000000000009,0.0,-2.600099329123107e-15,2.0000000000000027,-0.9999999999999998,True,True,32.11111111193896,-14.16666666790845,0.05555555596947836,0.8749997631582438,0.0,-2,Major,0.0,0.0,0.3333333333333333,0.0,0.0,0.0,0.0,2,2,True,1.0,False,2382,38,2.5928272862074664e-08,1.0000001192092896,0.057779788970947904,0.04982280731201136,0.5165618062019345
39,80.64213151927437,2.0,2,11,8.0,2.856054421768718,0.7798408488063661,-5.710955710955763,-2.743589743589682,11.097902097902095,15.617715617715554,-20.344988344988273,4.7062937062937,True,True,3.8850038857275453,-2.4102564111682163,1.1231546233948753,0.7683073231844761,0.3333333432674408,-2,Major,0.0,0.0,0.0,0.0,0.0,0.0,0.0,0,2,True,0.30000000000000004,False,2382,39,2.5928272862074664e-08,1.0000001192092896,0.2218644273775316,-0.3979985474261799,0.1281862178571768
40,83.49818594104309,2.0,2,23,13.5,4.620770975056686,0.8010610079575596,-17.545341614906942,19.414906832298236,7.186956521739115,-4.837267080745382,0.8807453416149424,1.2086956521739107,True,True,0.46801242236025276,-0.09301242236025241,1.0065217391304357,0.4952518822019042,0.1599999964237213,-2,Major,0.0,0.043478260869565216,0.0,0.043478260869565216,0.043478260869565216,0.0,0.08695652173913043,0,3,True,0.13636363636363635,False,2382,40,2.5928272862074664e-08,1.0000001192092896,0.6933645393431271,-0.8177268979374109,0.21599169212587674
41,88.11895691609978,3.5,0,22,12.0,3.93578231292517,0.8368700265251989,12.48171936758896,-13.477766798419,12.206521739130446,19.049407114624533,-18.741106719367618,3.505928853754945,True,True,0.4980237154150212,-0.10671936758893415,0.9743083003952574,0.5693943505125023,0.04545454680919647,-2,Major,0.045454545454545456,0.0,0.0,0.045454545454545456,0.045454545454545456,0.0,0.0,3,4,True,0.0,False,2382,41,2.5928272862074664e-08,1.0000001192092896,-0.2041112801285685,0.2584311915220269,-0.005443411374100247
42,92.05473922902495,3.5,0,3,2.0,0.731428571428566,0.8687002652519894,48.00000000000002,-48.000000000000036,11.999999999999993,72.00000000000006,-60.00000000000006,-4.10232039761827e-15,True,True,0.9999999999999996,0.4999999999999994,0.5000000000000002,0.5693943533534109,0.5,-2,Major,0.05555555555555555,0.05555555555555555,0.1111111111111111,0.05555555555555555,0.05555555555555555,0.0,0.05555555555555555,2,0,True,0.0,False,2382,42,2.5928272862074664e-08,1.0000001192092896,0.16169469803571718,-0.1764609124511482,0.008548178710043423
43,92.05473922902495,3.5,0,6,4.0,1.3931972789115576,0.8687002652519894,10.714285714285683,-10.714285714285683,9.428571428571423,16.071428571428573,-9.214285714285715,-1.285714285714285,True,True,0.22321428571428717,0.6339285714285701,0.7678571428571429,0.5693943533534109,0.1666666716337204,-2,Major,0.027777777777777776,0.05555555555555555,0.05555555555555555,0.027777777777777776,0.05555555555555555,0.0,0.05555555555555555,2,4,True,0.0,False,2382,43,2.5928272862074664e-08,1.0000001192092896,0.4179666670305388,-0.4261698125462449,0.025465352926403378
44,92.05473922902495,3.5,0,12,8.0,2.856054421768704,0.8687002652519894,7.373626373626349,-9.06593406593404,9.296703296703297,14.565934065934057,-9.25824175824175,-0.2802197802197775,True,True,0.06043956043956358,0.40109890109889845,0.9450549450549458,0.5693943533534109,0.0714285746216774,-2,Major,0.027777777777777776,0.027777777777777776,0.041666666666666664,0.027777777777777776,0.041666666666666664,0.013888888888888888,0.041666666666666664,2,0,True,0.0,False,2382,44,2.5928272862074664e-08,1.0000001192092896,0.07146094872483162,-0.008614455402961607,-0.03105030525475742
45,92.78616780045351,1.5,2,3,2.0,0.6617687074829917,0.8740053050397878,48.00000000000002,-48.000000000000036,11.999999999999993,72.00000000000006,-60.00000000000006,-4.10232039761827e-15,True,True,0.9999999999999996,0.4999999999999994,0.5000000000000002,0.5693943533534109,0.0,-2,Major,0.05555555555555555,0.1111111111111111,0.1111111111111111,0.05555555555555555,0.1111111111111111,0.0,0.1111111111111111,2,4,True,0.0,False,2382,45,2.5928272862074664e-08,1.0000001192092896,0.23978003952652224,-0.10030986573547127,-0.09806325044482947
46,92.78616780045351,1.5,2,9,6.0,2.124625850340138,0.8740053050397878,16.484848484848477,-17.818181818181806,10.181818181818176,20.917748917748934,-13.717748917748938,-0.32727272727272094,True,True,0.10389610389610336,0.49610389610389594,0.8818181818181815,0.5693943533534109,0.5,-2,Major,0.037037037037037035,0.037037037037037035,0.05555555555555555,0.037037037037037035,0.05555555555555555,0.018518518518518517,0.05555555555555555,2,0,True,0.0,False,2382,46,2.5928272862074664e-08,1.0000001192092896,-0.24485617967231343,0.34295824261291086,-0.09594002659139533
47,92.78616780045351,1.5,2,12,8.0,2.8676643990929733,0.8740053050397878,17.7087912087912,-15.478021978021975,9.401098901098909,4.774725274725266,0.07142857142857656,-1.5329670329670297,True,True,0.06043956043956358,0.40109890109889845,0.9450549450549458,0.5693943533534109,0.3571428656578064,-2,Major,0.0,0.0,0.0,0.0,0.0,0.0,0.0,2,0,True,0.0,False,2382,47,2.5928272862074664e-08,1.0000001192092896,-0.05981173829651723,0.19440132882456584,-0.06914171505349631
48,93.4479365079365,3.5,0,6,4.0,1.4628571428571462,0.8793103448275862,35.714285714285694,-35.14285714285712,11.142857142857144,31.250000000000007,-20.107142857142865,-1.0714285714285665,True,True,0.22321428571428717,0.6339285714285701,0.7678571428571429,0.5693943533534109,0.1666666716337204,-2,Major,0.05555555555555555,0.027777777777777776,0.08333333333333333,0.05555555555555555,0.05555555555555555,0.027777777777777776,0.05555555555555555,2,0,True,0.0,False,2382,48,2.5928272862074664e-08,1.0000001192092896,0.41233196056314864,-0.44214846366750366,0.08762162380541368
49,93.4479365079365,3.5,0,9,6.0,2.2058956916099817,0.8793103448275862,17.731601731601724,-13.464935064935059,8.230303030303029,2.2164502164502102,4.183549783549786,-2.6545454545454543,True,True,0.10389610389610336,0.49610389610389594,0.8818181818181815,0.5693943533534109,0.10000000149011612,-2,Major,0.0,0.0,0.0,0.0,0.0,0.0,0.0,2,0,True,0.0,False,2382,49,2.5928272862074664e-08,1.0000001192092896,0.3736984625400107,-0.32024936678402594,0.05942353441207386
50,94.91079365079365,3.5,0,3,2.0,0.7430385487528355,0.889920424403183,48.00000000000002,-48.000000000000036,11.999999999999993,72.00000000000006,-60.00000000000006,-4.10232039761827e-15,True,True,0.9999999999999996,0.4999999999999994,0.5000000000000002,0.5693943533534109,0.5,-2,Major,0.0,0.0,0.0,0.0,0.0,0.0,0.0,0,0,False,-1.0,False,2382,50,2.5928272862074664e-08,1.0000001192092896,-0.040918362879892825,0.13879360093851573,0.0022436790110077764
51,95.65383219954649,1.5,2,13,8.0,2.716734693877555,0.8952254641909815,13.810189810189806,-15.920079920079923,11.010989010989015,5.322677322677356,-0.9710289710290049,-1.51648351648351,True,True,-0.21578421578421472,0.8751248751248745,0.7527472527472531,0.5693943533534109,0.3571428656578064,-2,Major,0.0,0.0,0.0,0.0,0.0,0.0,0.0,0,0,True,0.75,False,2382,51,2.5928272862074664e-08,1.0000001192092896,-0.060098140997752854,0.24688635369198073,-0.05030090269523063
52,98.37056689342404,1.5,2,31,20.5,7.349115646258497,0.916445623342175,-24.12908281929421,16.000050561229678,11.209310850439877,-6.319521690767526,5.65419911012236,-1.1693548387096777,True,True,1.8628653048842219,-1.3608491758519636,1.2426686217008818,0.5693943533534109,0.13513512909412384,-2,Major,0.0,0.0,0.03225806451612903,0.03225806451612903,0.0,0.0,0.0,1,4,True,0.0,False,2382,52,2.5928272862074664e-08,1.0000001192092896,-1.0673745749124182,1.030105414759594,0.02318155629020078
53,105.71968253968254,2.0,2,5,8.0,3.8080725623582765,0.9708222811671088,-2.2857142857142865,1.4857142857142869,0.914285714285713,8.036266765308825e-16,-1.6,0.7999999999999993,True,True,23.42857142857146,-14.028571428571464,1.278571428571435,0.5998434818826563,1.0,-2,Major,0.0,0.0,0.0,0.0,0.0,0.2,0.0,0,4,True,0.0,False,2382,53,2.5928272862074664e-08,1.0000001192092896,-0.862375545732599,0.46313331013273756,-0.006483606965048201
54,109.52775510204081,2.0,2,5,3.0,1.1726077097505652,0.9920424403183024,-3.4285714285714057,1.4285714285714037,4.571428571428573,28.57142857142863,-30.571428571428637,5.5714285714285845,True,True,0.19047619615282435,1.3428571351936878,0.27380952600921926,0.7866724829844857,1.0,-2,Major,0.0,0.0,0.0,0.0,0.0,0.0,0.0,0,4,True,0.0,False,2382,54,2.5928272862074664e-08,1.0000001192092896,-2.0250102210451266,2.560214358500459,-0.15574938140132202
0,2.25156462585034,3.0,1,20,24.0,3.622312925170068,0.010816125860373648,-21.44696969696966,18.204112554112513,9.08506493506494,-13.859307359307355,10.916450216450205,-1.3168831168831174,True,False,4.688311688311688,-3.6025974025974024,1.397402597402598,1.0,0.05263157933950424,-3,Major,0.15,0.1,0.15,0.1,0.15,0.15,0.1,0,0,False,-1.0,True,2298,0,1.2441935259843717e-09,0.9999999403953552,-1.5417535280179595,1.5434099203318645,-0.2394910795345885
1,5.873877551020408,3.0,1,5,5.0,0.7662585034013603,0.0344149459193707,20.5714285714286,-18.171428571428603,4.371428571428577,52.57142857142863,-59.7714285714286,13.971428571428575,False,True,-1.8285714217594708,2.4685714193752855,0.29142857406820477,0.8436214622497064,0.25,-3,Major,0.6,0.2,0.4,0.2,0.4,0.4,0.2,0,0,False,-1.0,True,2298,1,1.2441935259843717e-09,0.9999999403953552,-0.9309170217408486,0.3876468052621932,0.13433902376952275
2,6.6401360544217685,0.0,3,12,12.0,1.741496598639456,0.03933136676499508,12.51098901098902,-13.280219780219792,5.28021978021979,6.1648351648351785,-2.4725274725274855,-0.9120879120879091,False,False,-2.2153110672910737e-16,0.0,1.0000000000000007,0.04687501513671389,0.0,-3,Major,0.25,0.16666666666666666,0.16666666666666666,0.16666666666666666,0.16666666666666666,0.16666666666666666,0.16666666666666666,0,0,False,-1.0,True,2298,2,1.2441935259843717e-09,0.9999999403953552,-2.2486318706604957,2.3122485530158055,-0.38350802530814276
3,8.381632653061224,0.0,3,11,11.0,1.4744671201814068,0.051130776794493606,-1.86480186480185,-3.226107226107239,5.447552447552452,-1.9813519813519698,2.9813519813519687,-1.4335664335664324,False,False,4.602340233140581e-16,-6.789864556435161e-16,1.0000000000000009,0.04687501513671389,0.0,-3,Major,0.18181818181818182,0.18181818181818182,0.18181818181818182,0.18181818181818182,0.18181818181818182,0.18181818181818182,0.2727272727272727,0,0,False,-1.0,True,2298,3,1.2441935259843717e-09,0.9999999403953552,-1.179797293829027,1.2416413041076106,-0.23360668444896454
4,9.856099773242631,3.0,1,12,12.0,1.7647165532879807,0.061946902654867256,-2.3873626373626453,-6.420329670329662,8.95879120879121,16.499999999999982,-20.115384615384606,4.307692307692313,False,False,-2.2153110672910737e-16,0.0,1.0000000000000007,0.08125004910156072,0.09090909361839294,-3,Major,0.25,0.16666666666666666,0.25,0.16666666666666666,0.25,0.25,0.16666666666666666,1,0,True,0.09090909090909091,True,2298,4,1.2441935259843717e-09,0.9999999403953552,-2.089050498133396,2.359874644835499,-0.6402444650272011
5,11.620816326530612,3.0,1,8,8.0,1.1261678004535156,0.07374631268436578,6.999999999999996,-10.833333333333336,6.666666666666666,26.250000000000004,-29.416666666666675,6.083333333333329,False,False,-1.4470656733446837e-15,5.254534392573277e-16,1.0,0.08125004910156072,0.1428571492433548,-3,Major,0.25,0.25,0.25,0.125,0.25,0.25,0.125,1,0,True,0.14285714285714285,True,2298,5,1.2441935259843717e-09,0.9999999403953552,-0.24886532167802272,0.6628196206213038,-0.4233867089439945
6,12.746984126984128,3.0,1,7,7.0,1.0448979591836736,0.08161258603736479,6.428571428571428,4.071428571428572,1.3571428571428577,-26.999999999999982,32.78571428571429,-6.500000000000003,False,False,-1.3872783931361369e-16,1.1172767636103326e-15,0.9999999999999993,0.0816326942784203,0.1666666716337204,-3,Major,0.2857142857142857,0.14285714285714285,0.2857142857142857,0.2857142857142857,0.2857142857142857,0.2857142857142857,0.14285714285714285,0,0,True,0.8333333333333333,True,2298,6,1.2441935259843717e-09,0.9999999403953552,0.08421118838966671,-0.5317831199997197,0.23313642156056402
7,13.791882086167801,2.0,2,18,18.0,2.647074829931972,0.08849557522123894,-5.94627192982456,10.946271929824569,2.289473684210524,-6.822368421052625,8.260964912280697,-1.789473684210524,False,False,1.106864537732677e-15,3.573798218083708e-16,1.0,0.14062507470702346,0.11764705926179886,-3,Major,0.16666666666666666,0.05555555555555555,0.16666666666666666,0.05555555555555555,0.16666666666666666,0.1111111111111111,0.1111111111111111,0,0,True,0.23529411764705882,True,2298,7,1.2441935259843717e-09,0.9999999403953552,-0.7727598017410917,0.6244057065855704,0.2996193074825672
8,16.438956916099773,0.0,3,6,6.0,0.8707482993197289,0.10619469026548672,-5.357142857142857,1.7857142857142856,4.57142857142857,-24.10714285714283,26.6785714285714,-6.499999999999998,False,False,-1.0295052623802005e-15,7.485122105058052e-16,0.9999999999999997,0.14062507470702346,0.0,-3,Major,0.3333333333333333,0.16666666666666666,0.3333333333333333,0.3333333333333333,0.3333333333333333,0.3333333333333333,0.16666666666666666,0,0,False,-1.0,True,2298,8,1.2441935259843717e-09,0.9999999403953552,1.6141167853301743,-2.153485897583363,0.4753996888344944
9,17.309705215419502,2.0,2,13,17.0,2.6238548752834454,0.11209439528023599,-3.596403596403571,9.926073926073906,3.9010989010989046,-16.255744255744244,14.013986013986,-1.3626373626373602,True,False,6.329670329670322,-4.747252747252739,1.4835164835164831,0.12329937940986507,0.1666666716337204,-3,Major,0.23076923076923078,0.07692307692307693,0.23076923076923078,0.07692307692307693,0.23076923076923078,0.15384615384615385,0.15384615384615385,0,0,True,0.0,True,2298,9,1.2441935259843717e-09,0.9999999403953552,-0.1275151364710827,0.046010564252368824,-0.11382287395128722
10,19.933560090702947,3.0,1,20,24.0,3.6571428571428584,0.1288102261553589,-21.44696969696966,18.204112554112513,9.08506493506494,-7.9989177489177425,3.698917748917742,0.5370129870129874,True,True,3.7506493541424177,-2.4477922120941953,1.1007792218842303,0.8958333913628335,0.05263157933950424,-3,Major,0.15,0.1,0.15,0.1,0.15,0.15,0.1,0,0,False,-1.0,True,2298,10,1.2441935259843717e-09,0.9999999403953552,-3.0399850388274032,2.431923806349172,0.25238051566910435
11,23.590702947845806,3.0,1,5,5.0,0.8010884353741474,0.15240904621435594,20.5714285714286,-18.171428571428603,4.371428571428577,52.57142857142863,-59.7714285714286,13.971428571428575,False,True,-1.8285714217594708,2.4685714193752855,0.29142857406820477,0.8436214622497064,0.25,-3,Major,0.6,0.2,0.4,0.2,0.4,0.4,0.2,0,0,False,-1.0,True,2298,11,1.2441935259843717e-09,0.9999999403953552,-1.5377383013255894,0.8813293745430809,0.17289158996815493
12,24.391791383219953,0.0,3,12,12.0,1.7414965986394577,0.15732546705998032,12.51098901098902,-13.280219780219792,5.28021978021979,6.1648351648351785,-2.4725274725274855,-0.9120879120879091,False,False,-2.2153110672910737e-16,0.0,1.0000000000000007,0.04687501513671389,0.0,-3,Major,0.25,0.16666666666666666,0.16666666666666666,0.16666666666666666,0.16666666666666666,0.16666666666666666,0.16666666666666666,0,0,False,-1.0,True,2298,12,1.2441935259843717e-09,0.9999999403953552,-1.9606523887068434,1.8474540644940076,-0.3938725855642636
13,26.13328798185941,0.0,3,11,11.0,1.6021768707482984,0.16912487708947885,-1.86480186480185,-3.226107226107239,5.447552447552452,-1.9813519813519698,2.9813519813519687,-1.4335664335664324,False,False,4.602340233140581e-16,-6.789864556435161e-16,1.0000000000000009,0.04687501513671389,0.0,-3,Major,0.18181818181818182,0.18181818181818182,0.18181818181818182,0.18181818181818182,0.18181818181818182,0.18181818181818182,0.2727272727272727,0,0,False,-1.0,True,2298,13,1.2441935259843717e-09,0.9999999403953552,-1.3137342373081364,1.5851924681112541,-0.48937983005581503
14,27.73546485260771,3.0,1,12,12.0,1.7298866213151918,0.17994100294985252,-2.3873626373626453,-6.420329670329662,8.95879120879121,16.499999999999982,-20.115384615384606,4.307692307692313,False,False,-2.2153110672910737e-16,0.0,1.0000000000000007,0.08125004910156072,0.09090909361839294,-3,Major,0.25,0.16666666666666666,0.25,0.16666666666666666,0.25,0.25,0.16666666666666666,1,0,True,0.09090909090909091,True,2298,14,1.2441935259843717e-09,0.9999999403953552,-2.274570602873652,2.5640469671402912,-0.7756023847250997
15,29.4653514739229,3.0,1,8,8.0,1.1145578231292532,0.19174041297935104,6.999999999999996,-10.833333333333336,6.666666666666666,26.250000000000004,-29.416666666666675,6.083333333333329,False,False,-1.4470656733446837e-15,5.254534392573277e-16,1.0,0.08125004910156072,0.1428571492433548,-3,Major,0.25,0.25,0.25,0.125,0.25,0.25,0.125,1,0,True,0.14285714285714285,True,2298,15,1.2441935259843717e-09,0.9999999403953552,0.36478730695786615,0.329732659882878,-0.6579831656771948
16,30.579909297052154,3.0,1,7,7.0,1.0681179138322001,0.19960668633235004,6.428571428571428,4.071428571428572,1.3571428571428577,-26.999999999999982,32.78571428571429,-6.500000000000003,False,False,-1.3872783931361369e-16,1.1172767636103326e-15,0.9999999999999993,0.0816326942784203,0.1666666716337204,-3,Major,0.2857142857142857,0.14285714285714285,0.2857142857142857,0.2857142857142857,0.2857142857142857,0.2857142857142857,0.14285714285714285,0,0,True,0.8333333333333333,True,2298,16,1.2441935259843717e-09,0.9999999403953552,0.273486957201489,-0.6038600263882684,0.006645232548130172
17,31.648027210884354,2.0,2,18,18.0,2.6238548752834454,0.20648967551622419,-5.94627192982456,10.946271929824569,2.289473684210524,-6.822368421052625,8.260964912280697,-1.789473684210524,False,False,1.106864537732677e-15,3.573798218083708e-16,1.0,0.14062507470702346,0.11764705926179886,-3,Major,0.16666666666666666,0.05555555555555555,0.16666666666666666,0.05555555555555555,0.16666666666666666,0.1111111111111111,0.1111111111111111,0,0,True,0.23529411764705882,True,2298,17,1.2441935259843717e-09,0.9999999403953552,-0.8922406317222962,0.9592119526120592,0.15106844740961847
18,34.2718820861678,0.0,3,6,6.0,0.8939682539682536,0.22418879056047197,-5.357142857142857,1.7857142857142856,4.57142857142857,-24.10714285714283,26.6785714285714,-6.499999999999998,False,False,-1.0295052623802005e-15,7.485122105058052e-16,0.9999999999999997,0.14062507470702346,0.0,-3,Major,0.3333333333333333,0.16666666666666666,0.3333333333333333,0.3333333333333333,0.3333333333333333,0.3333333333333333,0.16666666666666666,0,0,False,-1.0,True,2298,18,1.2441935259843717e-09,0.9999999403953552,0.11233330082583642,-0.8770003210672559,0.6125785637195361
19,35.16585034013605,2.0,2,13,17.0,2.589024943310662,0.23008849557522124,-3.596403596403571,9.926073926073906,3.9010989010989046,-16.255744255744244,14.013986013986,-1.3626373626373602,True,False,6.329670329670322,-4.747252747252739,1.4835164835164831,0.12329937940986507,0.1666666716337204,-3,Major,0.23076923076923078,0.07692307692307693,0.23076923076923078,0.07692307692307693,0.23076923076923078,0.15384615384615385,0.15384615384615385,0,0,True,0.0,True,2298,19,1.2441935259843717e-09,0.9999999403953552,-1.2493983545921665,0.9398028322328348,0.09529983764116348
20,37.754875283446715,3.0,1,20,24.0,3.564263038548752,0.24680432645034414,-21.44696969696966,18.204112554112513,9.08506493506494,0.2056277056277131,-6.405627705627715,3.132467532467535,True,True,3.7506493541424177,-2.4477922120941953,1.1007792218842303,0.8342947945715214,0.05263157933950424,-3,Major,0.1,0.1,0.15,0.05,0.15,0.1,0.1,0,0,True,0.10526315789473684,True,2298,20,1.2441935259843717e-09,0.9999999403953552,-0.10632627468953655,0.24737404276829741,0.2788555075254071
21,41.31913832199547,3.0,1,13,13.0,2.043356009070294,0.2704031465093412,26.901098901098873,-35.868131868131854,17.901098901098905,50.20579420579417,-51.65634365634365,9.626373626373624,False,True,-1.2659340612180943,1.5824175765226178,0.5868131883524285,0.8245482056398107,0.0833333358168602,-3,Major,0.15384615384615385,0.23076923076923078,0.23076923076923078,0.23076923076923078,0.15384615384615385,0.23076923076923078,0.23076923076923078,2,2,True,0.8333333333333333,True,2298,21,1.2441935259843717e-09,0.9999999403953552,-3.0952267225980905,3.2279907995451915,-0.10308872021662181
22,43.36249433106576,0.0,3,3,3.0,0.47600907029478634,0.2831858407079646,8.000000000000005,-8.000000000000007,2.0,12.000000000000007,-10.000000000000012,-5.127900497022838e-16,False,False,8.965859755596919e-17,-7.944109290391273e-16,1.0000000000000004,0.2499999939236105,0.0,-3,Major,0.0,0.3333333333333333,0.3333333333333333,0.3333333333333333,0.3333333333333333,0.3333333333333333,0.3333333333333333,2,2,False,-1.0,True,2298,22,1.2441935259843717e-09,0.9999999403953552,0.9544262204851431,-1.2051697526659297,-0.40607351916176854
23,43.83850340136055,3.0,1,20,20.0,2.9605442176870724,0.2861356932153392,31.337662337662334,-33.423376623376605,13.59090909090909,4.112554112554109,1.2303030303030325,-2.122077922077922,False,False,2.4596397744331572e-15,-2.3768587912504025e-15,1.0,0.10841842186929856,0.05263157933950424,-3,Major,0.15,0.15,0.2,0.15,0.15,0.15,0.15,1,1,True,0.3157894736842105,True,2298,23,1.2441935259843717e-09,0.9999999403953552,-0.7323105102132142,0.09477491054268081,-0.13930465977170708
24,46.79904761904762,3.0,1,6,6.0,0.8823582766439912,0.3058013765978368,7.589285714285706,-9.73214285714285,5.249999999999999,-8.928571428571418,17.499999999999986,-7.142857142857141,False,False,-1.0295052623802005e-15,7.485122105058052e-16,0.9999999999999997,0.11846160820487818,0.20000000298023224,-3,Major,0.3333333333333333,0.16666666666666666,0.3333333333333333,0.3333333333333333,0.3333333333333333,0.3333333333333333,0.16666666666666666,0,2,False,-1.0,True,2298,24,1.2441935259843717e-09,0.9999999403953552,-1.5424884123590605,1.338228219423395,-0.25320551888170595
25,47.68140589569161,1.0,2,6,6.0,0.8243083900226722,0.31170108161258603,10.714285714285717,5.14285714285714,1.4503892858778864e-15,-22.321428571428548,31.17857142857141,-6.071428571428573,False,False,-1.0295052623802005e-15,7.485122105058052e-16,0.9999999999999997,0.0816326942784203,0.6000000238418579,-3,Major,0.5,0.16666666666666666,0.3333333333333333,0.3333333333333333,0.16666666666666666,0.3333333333333333,0.16666666666666666,1,0,False,-1.0,True,2298,25,1.2441935259843717e-09,0.9999999403953552,-0.32611477013790197,-0.6824424819512804,0.23895340647661334
26,48.505714285714284,3.0,1,12,12.0,1.7647165532879825,0.3176007866273353,37.38186813186816,-33.34340659340663,10.228021978021994,-3.6868131868131586,12.302197802197778,-5.032967032967032,False,False,-2.2153110672910737e-16,0.0,1.0000000000000007,0.07909095537241484,0.09090909361839294,-3,Major,0.16666666666666666,0.25,0.25,0.16666666666666666,0.25,0.16666666666666666,0.25,2,1,False,-1.0,True,2298,26,1.2441935259843717e-09,0.9999999403953552,-2.4562813668551193,2.629647455056138,-0.4322055431546103
27,50.270430839002266,3.0,1,6,6.0,0.8243083900226793,0.32940019665683384,10.714285714285717,5.14285714285714,1.4503892858778864e-15,-26.785714285714256,37.07142857142855,-7.714285714285711,False,False,-1.0295052623802005e-15,7.485122105058052e-16,0.9999999999999997,0.11980927101197031,0.20000000298023224,-3,Major,0.16666666666666666,0.16666666666666666,0.5,0.16666666666666666,0.16666666666666666,0.3333333333333333,0.16666666666666666,1,2,True,0.2,True,2298,27,1.2441935259843717e-09,0.9999999403953552,-0.26834087989603456,0.9126197517228625,-0.428658244976153
28,51.094739229024945,1.0,2,22,22.0,3.239183673469384,0.3352999016715831,-10.863142292490126,17.49160079051385,2.552371541501975,-10.39624505928854,11.62944664031621,-2.3577075098814237,False,False,0.0,-4.862181652922977e-16,1.0000000000000009,0.09039261646895534,0.1428571492433548,-3,Major,0.09090909090909091,0.09090909090909091,0.13636363636363635,0.09090909090909091,0.09090909090909091,0.13636363636363635,0.09090909090909091,1,1,True,0.2857142857142857,True,2298,28,1.2441935259843717e-09,0.9999999403953552,-0.08566073776863099,0.38011983160883617,0.028090545618045665
29,54.33392290249433,3.0,1,19,19.0,2.705124716553293,0.35693215339233036,-27.656789031402038,33.21468376824413,0.7624060150375929,-23.262273330384776,22.56753648827951,-3.8406015037593977,False,False,-8.096553049199931e-16,1.3924974974998179e-15,0.9999999999999993,0.11425626625739269,0.0555555559694767,-3,Major,0.15789473684210525,0.10526315789473684,0.15789473684210525,0.10526315789473684,0.15789473684210525,0.15789473684210525,0.10526315789473684,0,2,True,0.2777777777777778,True,2298,29,1.2441935259843717e-09,0.9999999403953552,2.3798180944503935,-2.8995412637194637,0.850113154795239
30,57.03904761904762,2.0,2,7,7.0,1.0100680272108846,0.37561455260570303,-0.4285714285714315,1.5000000000000044,0.4047619047619043,1.2857142857142632,-5.357142857142839,2.785714285714285,False,False,-1.3872783931361369e-16,1.1172767636103326e-15,0.9999999999999993,0.05555558043981014,0.3333333432674408,-3,Major,0.2857142857142857,0.0,0.2857142857142857,0.0,0.14285714285714285,0.14285714285714285,0.0,0,0,True,0.16666666666666666,True,2298,30,1.2441935259843717e-09,0.9999999403953552,-0.6916801832954977,-0.448304431512953,0.47281649234620016
31,58.04911564625851,1.0,2,22,22.0,3.3088435374149654,0.3824975417895772,6.100790513833983,-0.14822134387351238,5.173913043478263,-6.10079051383401,6.8003952569170165,-1.272727272727276,False,False,0.0,-4.862181652922977e-16,1.0000000000000009,0.12656256301756968,0.1428571492433548,-3,Major,0.13636363636363635,0.045454545454545456,0.13636363636363635,0.09090909090909091,0.09090909090909091,0.13636363636363635,0.045454545454545456,0,0,True,0.23809523809523808,True,2298,31,1.2441935259843717e-09,0.9999999403953552,-2.6911376526487407,2.479895718538923,-0.43163395374785685
32,61.35795918367347,3.0,1,12,12.0,1.753106575963713,0.40412979351032446,3.8983516483516625,-1.090659340659352,4.936813186813191,-7.434065934065928,6.741758241758237,-0.7802197802197826,False,False,-2.2153110672910737e-16,0.0,1.0000000000000007,0.12329937940986507,0.09090909361839294,-3,Major,0.08333333333333333,0.08333333333333333,0.16666666666666666,0.08333333333333333,0.08333333333333333,0.16666666666666666,0.08333333333333333,0,0,True,0.0,True,2298,32,1.2441935259843717e-09,0.9999999403953552,-1.7058178140544904,1.7528532736142288,-0.6541965956423894
33,63.111065759637185,3.0,1,19,20.0,2.9257142857142924,0.415929203539823,-23.071207430340568,15.871207430340569,10.389473684210522,-8.454666076957105,5.612560813799211,-0.5413533834586485,True,False,1.2180451127819545,-0.9338345864661644,1.1022556390977438,0.12329937940986507,0.0555555559694767,-3,Major,0.10526315789473684,0.05263157894736842,0.15789473684210525,0.05263157894736842,0.10526315789473684,0.10526315789473684,0.05263157894736842,0,0,True,0.0,True,2298,33,1.2441935259843717e-09,0.9999999403953552,-0.2845286123464709,1.3152496310924529,-0.6056036656471733
34,66.03678004535148,3.0,1,20,24.0,3.761632653061227,0.43559488692232057,-21.44696969696966,18.204112554112513,9.08506493506494,-4.482683982683976,-0.6316017316017386,1.6493506493506502,True,True,4.102272727272728,-2.880844155844157,1.2120129870129879,0.36126264164241434,0.05263157933950424,-3,Major,0.15,0.1,0.15,0.1,0.15,0.15,0.1,0,0,False,-1.0,True,2298,34,1.2441935259843717e-09,0.9999999403953552,-2.0878185862298437,1.5923900871040202,0.41455836897459697
35,69.7984126984127,3.0,1,5,5.0,0.7662585034013603,0.4591937069813176,20.5714285714286,-18.171428571428603,4.371428571428577,52.57142857142863,-59.7714285714286,13.971428571428575,False,True,-1.8285714217594708,2.4685714193752855,0.29142857406820477,0.8436214622497064,0.25,-3,Major,0.6,0.2,0.4,0.2,0.4,0.4,0.2,0,0,False,-1.0,True,2298,35,1.2441935259843717e-09,0.9999999403953552,-1.6093240777651463,1.386626999204357,-0.03261808492243275
36,70.56467120181406,0.0,3,12,12.0,1.741473922902486,0.464110127826942,12.51098901098902,-13.280219780219792,5.28021978021979,6.1648351648351785,-2.4725274725274855,-0.9120879120879091,False,False,-2.2153110672910737e-16,0.0,1.0000000000000007,0.04687501513671389,0.0,-3,Major,0.25,0.16666666666666666,0.16666666666666666,0.16666666666666666,0.16666666666666666,0.16666666666666666,0.16666666666666666,0,0,False,-1.0,True,2298,36,1.2441935259843717e-09,0.9999999403953552,-2.5447898551090544,2.367812707793509,-0.421110020639996
37,72.30614512471655,0.0,3,12,12.0,1.7066893424036351,0.4759095378564405,19.18956043956046,-13.612637362637384,5.035714285714296,2.870879120879125,1.5521978021978,-1.3598901098901102,False,False,-2.2153110672910737e-16,0.0,1.0000000000000007,0.04687501513671389,0.0,-3,Major,0.25,0.16666666666666666,0.16666666666666666,0.16666666666666666,0.16666666666666666,0.16666666666666666,0.16666666666666666,0,0,False,-1.0,True,2298,37,1.2441935259843717e-09,0.9999999403953552,-2.1610271053540555,1.9750885403300829,-0.26060034264305826
38,74.01283446712019,0.0,3,12,12.0,1.7066666666666634,0.48770894788593905,12.51098901098902,-13.280219780219792,5.28021978021979,6.1648351648351785,-2.4725274725274855,-0.9120879120879091,False,False,-2.2153110672910737e-16,0.0,1.0000000000000007,0.04687501513671389,0.0,-3,Major,0.16666666666666666,0.16666666666666666,0.08333333333333333,0.25,0.08333333333333333,0.16666666666666666,0.08333333333333333,1,0,True,0.09090909090909091,True,2298,38,1.2441935259843717e-09,0.9999999403953552,-0.5293929707278157,0.6415614557709113,-0.4411656019365332
39,75.71950113378685,0.0,3,8,8.0,1.253877551020409,0.4995083579154376,6.124999999999998,-8.208333333333332,5.041666666666665,3.2083333333333344,-0.2916666666666663,-1.3750000000000007,False,False,-1.4470656733446837e-15,5.254534392573277e-16,1.0,0.04687501513671389,0.0,-3,Major,0.125,0.25,0.125,0.25,0.125,0.125,0.125,1,1,True,0.14285714285714285,True,2298,39,1.2441935259843717e-09,0.9999999403953552,1.948853471695069,-0.6994401017551914,-0.22812673146580545
40,76.97337868480726,0.0,3,3,3.0,0.46439909297052395,0.5073746312684366,4.000000000000003,-4.0000000000000036,1.0,-6.000000000000009,13.000000000000014,-6.000000000000001,False,False,8.965859755596919e-17,-7.944109290391273e-16,1.0000000000000004,0.10841842186929856,0.0,-3,Major,0.0,0.3333333333333333,0.0,0.0,0.3333333333333333,0.0,0.3333333333333333,0,0,True,0.0,True,2298,40,1.2441935259843717e-09,0.9999999403953552,-0.5629555838448647,0.4093380110604404,1.2252132517950873
41,77.43777777777778,3.0,1,12,12.0,1.7066666666666634,0.5103244837758112,23.903846153846175,-20.09615384615387,6.634615384615395,-4.532967032967029,8.302197802197801,-2.5714285714285734,False,False,-2.2153110672910737e-16,0.0,1.0000000000000007,0.06250001757811811,0.09090909361839294,-3,Major,0.16666666666666666,0.16666666666666666,0.16666666666666666,0.16666666666666666,0.25,0.16666666666666666,0.16666666666666666,0,0,True,0.5454545454545454,True,2298,41,1.2441935259843717e-09,0.9999999403953552,1.1808545723542077,-1.7894801466472987,0.8829080429354877
42,79.14444444444445,3.0,1,14,14.0,2.124625850340138,0.5221238938053098,9.053571428571425,-10.024999999999993,5.592857142857139,-3.0178571428571366,5.532142857142849,-2.0071428571428553,False,False,6.205568673404524e-16,0.0,0.9999999999999996,0.06250001757811811,0.07692307978868484,-3,Major,0.14285714285714285,0.07142857142857142,0.14285714285714285,0.14285714285714285,0.14285714285714285,0.14285714285714285,0.07142857142857142,0,2,True,0.46153846153846156,True,2298,42,1.2441935259843717e-09,0.9999999403953552,0.7704724480505053,-0.8443409023272452,-0.2523964052901036
43,81.26907029478458,1.0,2,6,6.0,0.8823582766439841,0.5358898721730581,10.714285714285717,5.14285714285714,1.4503892858778864e-15,-22.321428571428548,31.17857142857141,-6.071428571428573,False,False,-1.0295052623802005e-15,7.485122105058052e-16,0.9999999999999997,0.0816326942784203,0.6000000238418579,-3,Major,0.5,0.16666666666666666,0.3333333333333333,0.3333333333333333,0.16666666666666666,0.3333333333333333,0.16666666666666666,1,0,False,-1.0,True,2298,43,1.2441935259843717e-09,0.9999999403953552,0.3215672311844776,-1.033940689033503,0.12907568150849089
44,82.15142857142857,3.0,1,12,12.0,1.6950566893424082,0.5417895771878073,39.04395604395609,-33.736263736263794,9.928571428571448,-1.2692307692307396,10.807692307692284,-4.961538461538463,False,False,-2.2153110672910737e-16,0.0,1.0000000000000007,0.13000007639582942,0.09090909361839294,-3,Major,0.16666666666666666,0.25,0.25,0.16666666666666666,0.25,0.16666666666666666,0.25,0,0,True,0.0,True,2298,44,1.2441935259843717e-09,0.9999999403953552,-1.7745692557717738,1.6255848222365064,-0.3373847356656234
45,83.84648526077098,3.0,1,12,12.0,1.7763038548752803,0.5535889872173058,37.53296703296707,-32.53296703296708,9.186813186813207,-6.980769230769202,16.55769230769229,-6.096153846153849,False,False,-2.2153110672910737e-16,0.0,1.0000000000000007,0.08333338501157295,0.09090909361839294,-3,Major,0.16666666666666666,0.25,0.16666666666666666,0.16666666666666666,0.16666666666666666,0.16666666666666666,0.16666666666666666,1,0,True,0.6363636363636364,True,2298,45,1.2441935259843717e-09,0.9999999403953552,-1.9357673389420502,1.842239178476137,-0.3994342738010906
46,85.62278911564626,3.0,1,12,12.0,1.7415192743764152,0.5653883972468043,37.56318681318687,-32.832417582417634,9.409340659340685,-4.77472527472524,13.851648351648322,-5.428571428571428,False,False,-2.2153110672910737e-16,0.0,1.0000000000000007,0.09039261646895534,0.09090909361839294,-3,Major,0.25,0.16666666666666666,0.25,0.16666666666666666,0.25,0.16666666666666666,0.25,0,1,False,-1.0,True,2298,46,1.2441935259843717e-09,0.9999999403953552,-0.834946768817763,0.44097659267846473,0.305917293757923
47,87.36430839002267,3.0,1,7,7.0,0.986848072562367,0.5771878072763028,6.428571428571428,4.071428571428572,1.3571428571428577,-33.428571428571416,41.142857142857146,-8.785714285714294,False,False,-1.3872783931361369e-16,1.1172767636103326e-15,0.9999999999999993,0.13000007639582942,0.1666666716337204,-3,Major,0.2857142857142857,0.2857142857142857,0.2857142857142857,0.2857142857142857,0.2857142857142857,0.2857142857142857,0.42857142857142855,1,0,False,-1.0,True,2298,47,1.2441935259843717e-09,0.9999999403953552,0.003053338351574153,-0.6473059295930639,0.867101645740596
48,88.35115646258504,2.0,2,24,24.0,3.58748299319727,0.584070796460177,-0.635314685314658,9.47531468531466,2.645384615384617,-10.422377622377606,10.822377622377607,-1.8615384615384603,False,False,6.452261782010825e-16,-4.659898629455559e-16,0.9999999999999997,0.14062507470702346,0.08695652335882187,-3,Major,0.125,0.125,0.125,0.125,0.125,0.125,0.125,1,0,False,-1.0,True,2298,48,1.2441935259843717e-09,0.9999999403953552,0.7325016320529678,-0.8675216754854124,0.5074398440656407
49,91.93863945578231,2.0,2,10,10.0,1.4628571428571462,0.6076696165191741,28.227272727272712,-19.554545454545426,7.145454545454546,12.579545454545444,-7.888636363636347,0.7181818181818155,False,False,2.1577625713458836e-15,-2.249126620430637e-15,1.0000000000000007,0.12329937940986507,0.2222222238779068,-3,Major,0.3,0.2,0.3,0.3,0.2,0.3,0.2,2,0,False,-1.0,True,2298,49,1.2441935259843717e-09,0.9999999403953552,1.0331829842601417,-0.8242392912928468,0.027863344188560502
50,93.40149659863945,0.0,3,3,7.0,1.1842176870748347,0.6175024582104228,-20.000000000000007,16.000000000000018,3.9999999999999973,-66.00000000000006,79.00000000000006,-19.999999999999986,True,False,8.000000000000005,-4.000000000000008,1.0000000000000004,0.12372409365502877,0.0,-3,Major,1.0,0.0,0.6666666666666666,0.3333333333333333,0.3333333333333333,0.6666666666666666,0.0,0,0,False,-1.0,True,2298,50,1.2441935259843717e-09,0.9999999403953552,-3.0562581316435606,2.5418419626070414,0.24934047033319778
51,94.58571428571429,3.0,1,20,24.0,3.715192743764163,0.6243854473942969,-21.44696969696966,18.204112554112513,9.08506493506494,8.41017316017317,-16.510173160173167,5.7279220779220825,True,True,3.7506493541424177,-2.4477922120941953,1.1007792218842303,0.9326924320074101,0.05263157933950424,-3,Major,0.1,0.1,0.15,0.05,0.15,0.1,0.1,0,0,True,0.10526315789473684,True,2298,51,1.2441935259843717e-09,0.9999999403953552,-1.1488530035777154,1.3529375047665977,0.028337584752382076
52,98.30090702947845,3.0,1,13,13.0,2.1710657596371874,0.647984267453294,26.901098901098873,-35.868131868131854,17.901098901098905,50.20579420579417,-51.65634365634365,9.626373626373624,False,True,-1.2659340612180943,1.5824175765226178,0.5868131883524285,0.8981482459597923,0.0833333358168602,-3,Major,0.15384615384615385,0.23076923076923078,0.23076923076923078,0.23076923076923078,0.15384615384615385,0.23076923076923078,0.23076923076923078,2,2,True,0.8333333333333333,True,2298,52,1.2441935259843717e-09,0.9999999403953552,-3.9648840808525465,3.6930639165064685,-0.11984439809264431
53,100.47197278911564,0.0,3,3,3.0,0.47600907029479345,0.6607669616519174,8.000000000000005,-8.000000000000007,2.0,12.000000000000007,-10.000000000000012,-5.127900497022838e-16,False,False,8.965859755596919e-17,-7.944109290391273e-16,1.0000000000000004,0.2499999939236105,0.0,-3,Major,0.0,0.3333333333333333,0.3333333333333333,0.3333333333333333,0.3333333333333333,0.3333333333333333,0.3333333333333333,2,2,False,-1.0,True,2298,53,1.2441935259843717e-09,0.9999999403953552,0.7397603307451518,-0.6600809131349838,-0.729994675091334
54,100.94798185941043,3.0,1,20,20.0,3.006984126984122,0.6637168141592921,31.337662337662334,-33.423376623376605,13.59090909090909,4.112554112554109,1.2303030303030325,-2.122077922077922,False,False,2.4596397744331572e-15,-2.3768587912504025e-15,1.0,0.10841842186929856,0.05263157933950424,-3,Major,0.15,0.15,0.2,0.15,0.15,0.15,0.15,1,1,True,0.3157894736842105,True,2298,54,1.2441935259843717e-09,0.9999999403953552,-1.194422468789028,0.7528727701170408,-0.22497057935087822
55,103.95496598639455,3.0,1,6,6.0,0.8707482993197289,0.6833824975417896,7.589285714285706,-9.73214285714285,5.249999999999999,-8.928571428571418,17.499999999999986,-7.142857142857141,False,False,-1.0295052623802005e-15,7.485122105058052e-16,0.9999999999999997,0.11846160820487818,0.20000000298023224,-3,Major,0.3333333333333333,0.16666666666666666,0.3333333333333333,0.3333333333333333,0.3333333333333333,0.3333333333333333,0.16666666666666666,0,2,False,-1.0,True,2298,55,1.2441935259843717e-09,0.9999999403953552,-0.4415423294682519,0.4274965679426209,-0.22910926964021097
56,104.82571428571428,1.0,2,6,6.0,0.8591383219954736,0.6892822025565388,10.714285714285717,5.14285714285714,1.4503892858778864e-15,-22.321428571428548,31.17857142857141,-6.071428571428573,False,False,-1.0295052623802005e-15,7.485122105058052e-16,0.9999999999999997,0.0816326942784203,0.6000000238418579,-3,Major,0.5,0.16666666666666666,0.3333333333333333,0.3333333333333333,0.16666666666666666,0.3333333333333333,0.16666666666666666,1,0,False,-1.0,True,2298,56,1.2441935259843717e-09,0.9999999403953552,0.1708701911848036,-0.851817893097177,0.24729462177492673
57,105.68485260770976,3.0,1,12,12.0,1.7414965986394435,0.6951819075712881,37.38186813186816,-33.34340659340663,10.228021978021994,-3.6868131868131586,12.302197802197778,-5.032967032967032,False,False,-2.2153110672910737e-16,0.0,1.0000000000000007,0.07909095537241484,0.09090909361839294,-3,Major,0.16666666666666666,0.25,0.25,0.16666666666666666,0.25,0.16666666666666666,0.25,2,1,False,-1.0,True,2298,57,1.2441935259843717e-09,0.9999999403953552,0.44546672209010796,-0.21901222907227372,-0.1082575571347485
58,107.4263492063492,3.0,1,6,6.0,0.812698412698424,0.7069813176007866,10.714285714285717,5.14285714285714,1.4503892858778864e-15,-26.785714285714256,37.07142857142855,-7.714285714285711,False,False,-1.0295052623802005e-15,7.485122105058052e-16,0.9999999999999997,0.11980927101197031,0.20000000298023224,-3,Major,0.16666666666666666,0.16666666666666666,0.5,0.16666666666666666,0.16666666666666666,0.3333333333333333,0.16666666666666666,1,2,True,0.2,True,2298,58,1.2441935259843717e-09,0.9999999403953552,-0.02109582349658045,0.05711669599016515,0.24237151940663657
59,108.23904761904762,1.0,2,22,22.0,3.3668934240362773,0.7128810226155359,-10.863142292490126,17.49160079051385,2.552371541501975,-10.39624505928854,11.62944664031621,-2.3577075098814237,False,False,0.0,-4.862181652922977e-16,1.0000000000000009,0.09039261646895534,0.1428571492433548,-3,Major,0.09090909090909091,0.09090909090909091,0.13636363636363635,0.09090909090909091,0.09090909090909091,0.13636363636363635,0.09090909090909091,1,1,True,0.2857142857142857,True,2298,59,1.2441935259843717e-09,0.9999999403953552,0.03506344352690351,0.1764670265025553,0.1970111499757034
60,111.6059410430839,3.0,1,19,19.0,2.716734693877555,0.7345132743362832,-27.656789031402038,33.21468376824413,0.7624060150375929,-23.262273330384776,22.56753648827951,-3.8406015037593977,False,False,-8.096553049199931e-16,1.3924974974998179e-15,0.9999999999999993,0.11425626625739269,0.0555555559694767,-3,Major,0.15789473684210525,0.10526315789473684,0.15789473684210525,0.10526315789473684,0.15789473684210525,0.15789473684210525,0.10526315789473684,0,2,True,0.2777777777777778,True,2298,60,1.2441935259843717e-09,0.9999999403953552,0.9477232518984617,-1.6735926546017745,0.8145982927097833
61,114.32267573696146,2.0,2,7,7.0,0.9868480725623527,0.7531956735496559,-0.4285714285714315,1.5000000000000044,0.4047619047619043,1.2857142857142632,-5.357142857142839,2.785714285714285,False,False,-1.3872783931361369e-16,1.1172767636103326e-15,0.9999999999999993,0.05555558043981014,0.3333333432674408,-3,Major,0.2857142857142857,0.0,0.2857142857142857,0.0,0.14285714285714285,0.14285714285714285,0.0,0,0,True,0.16666666666666666,True,2298,61,1.2441935259843717e-09,0.9999999403953552,-0.039018273988568726,-0.23007845777002287,0.22568359076976777
62,115.30952380952381,1.0,2,22,22.0,3.3088435374149583,0.76007866273353,6.100790513833983,-0.14822134387351238,5.173913043478263,-6.10079051383401,6.8003952569170165,-1.272727272727276,False,False,0.0,-4.862181652922977e-16,1.0000000000000009,0.12656256301756968,0.1428571492433548,-3,Major,0.13636363636363635,0.045454545454545456,0.13636363636363635,0.09090909090909091,0.09090909090909091,0.13636363636363635,0.045454545454545456,0,0,True,0.23809523809523808,True,2298,62,1.2441935259843717e-09,0.9999999403953552,-1.7818757206977842,1.5771440890920827,-0.2565873839499002
63,118.61836734693877,3.0,1,12,12.0,1.7879365079365215,0.7817109144542773,3.8983516483516625,-1.090659340659352,4.936813186813191,-7.434065934065928,6.741758241758237,-0.7802197802197826,False,False,-2.2153110672910737e-16,0.0,1.0000000000000007,0.12329937940986507,0.09090909361839294,-3,Major,0.08333333333333333,0.08333333333333333,0.16666666666666666,0.08333333333333333,0.08333333333333333,0.16666666666666666,0.08333333333333333,0,0,True,0.0,True,2298,63,1.2441935259843717e-09,0.9999999403953552,-0.5748393251805701,0.8124127470185608,-0.5938424594831045
64,120.40630385487529,3.0,1,19,20.0,3.0302040816326468,0.7935103244837758,-23.071207430340568,15.871207430340569,10.389473684210522,-8.454666076957105,5.612560813799211,-0.5413533834586485,True,False,1.2180451127819545,-0.9338345864661644,1.1022556390977438,0.12329937940986507,0.0555555559694767,-3,Major,0.10526315789473684,0.05263157894736842,0.15789473684210525,0.05263157894736842,0.10526315789473684,0.10526315789473684,0.05263157894736842,0,0,True,0.0,True,2298,64,1.2441935259843717e-09,0.9999999403953552,-1.7026868259315886,1.8201178639608406,-0.1693992210484499
65,123.43650793650794,3.0,1,20,24.0,3.738412698412702,0.8131760078662733,-21.44696969696966,18.204112554112513,9.08506493506494,-4.482683982683976,-0.6316017316017386,1.6493506493506502,True,True,4.102272727272728,-2.880844155844157,1.2120129870129879,0.36126264164241434,0.05263157933950424,-3,Major,0.15,0.1,0.15,0.1,0.15,0.15,0.1,0,0,False,-1.0,True,2298,65,1.2441935259843717e-09,0.9999999403953552,-2.022312918238595,1.0906276584794665,0.35129204104771716
66,127.17492063492064,3.0,1,5,5.0,0.8243083900226651,0.8367748279252704,20.5714285714286,-18.171428571428603,4.371428571428577,52.57142857142863,-59.7714285714286,13.971428571428575,False,True,-1.8285714217594708,2.4685714193752855,0.29142857406820477,0.7700214219297248,0.25,-3,Major,0.6,0.2,0.4,0.2,0.4,0.4,0.2,0,0,False,-1.0,True,2298,66,1.2441935259843717e-09,0.9999999403953552,-1.2762645495046543,0.6123925263139726,-0.10630871809553337
67,127.9992290249433,0.0,3,12,12.0,1.7414965986394577,0.8416912487708947,12.51098901098902,-13.280219780219792,5.28021978021979,6.1648351648351785,-2.4725274725274855,-0.9120879120879091,False,False,-2.2153110672910737e-16,0.0,1.0000000000000007,0.04687501513671389,0.0,-3,Major,0.25,0.16666666666666666,0.16666666666666666,0.16666666666666666,0.16666666666666666,0.16666666666666666,0.16666666666666666,0,0,False,-1.0,True,2298,67,1.2441935259843717e-09,0.9999999403953552,-2.0334698301014953,2.354416411076959,-0.5717743775774643
68,129.74072562358276,0.0,3,12,12.0,1.7298866213151882,0.8534906588003933,19.18956043956046,-13.612637362637384,5.035714285714296,2.870879120879125,1.5521978021978,-1.3598901098901102,False,False,-2.2153110672910737e-16,0.0,1.0000000000000007,0.04687501513671389,0.0,-3,Major,0.25,0.16666666666666666,0.16666666666666666,0.16666666666666666,0.16666666666666666,0.16666666666666666,0.16666666666666666,0,0,False,-1.0,True,2298,68,1.2441935259843717e-09,0.9999999403953552,-1.8637238723390226,1.616158391969898,-0.2630082418384287
69,131.47061224489795,0.0,3,12,12.0,1.6950566893424082,0.8652900688298918,12.51098901098902,-13.280219780219792,5.28021978021979,6.1648351648351785,-2.4725274725274855,-0.9120879120879091,False,False,-2.2153110672910737e-16,0.0,1.0000000000000007,0.04687501513671389,0.0,-3,Major,0.16666666666666666,0.16666666666666666,0.08333333333333333,0.25,0.08333333333333333,0.16666666666666666,0.08333333333333333,1,0,True,0.09090909090909091,True,2298,69,1.2441935259843717e-09,0.9999999403953552,-0.4677351397857206,0.7575293719980933,-0.4309405863284586
70,133.16566893424036,0.0,3,8,8.0,1.1958276643991042,0.8770894788593904,6.124999999999998,-8.208333333333332,5.041666666666665,3.2083333333333344,-0.2916666666666663,-1.3750000000000007,False,False,-1.4470656733446837e-15,5.254534392573277e-16,1.0,0.04687501513671389,0.0,-3,Major,0.125,0.25,0.125,0.25,0.125,0.125,0.125,1,1,True,0.14285714285714285,True,2298,70,1.2441935259843717e-09,0.9999999403953552,2.0064091702800377,-1.5339454924278384,0.049344788407805325
71,134.36149659863946,0.0,3,3,3.0,0.499229024943304,0.8849557522123894,4.000000000000003,-4.0000000000000036,1.0,-6.000000000000009,13.000000000000014,-6.000000000000001,False,False,8.965859755596919e-17,-7.944109290391273e-16,1.0000000000000004,0.10841842186929856,0.0,-3,Major,0.0,0.3333333333333333,0.0,0.0,0.3333333333333333,0.0,0.3333333333333333,0,0,True,0.0,True,2298,71,1.2441935259843717e-09,0.9999999403953552,-0.6979164396013524,1.0308282647814067,0.9317871655736644
72,134.86072562358277,3.0,1,12,12.0,1.8111564625850463,0.887905604719764,23.903846153846175,-20.09615384615387,6.634615384615395,-4.532967032967029,8.302197802197801,-2.5714285714285734,False,False,-2.2153110672910737e-16,0.0,1.0000000000000007,0.06250001757811811,0.09090909361839294,-3,Major,0.16666666666666666,0.16666666666666666,0.16666666666666666,0.16666666666666666,0.25,0.16666666666666666,0.16666666666666666,0,0,True,0.5454545454545454,True,2298,72,1.2441935259843717e-09,0.9999999403953552,1.1584640703278417,-1.9257840264359853,1.1300138184114508
73,136.6718820861678,3.0,1,14,14.0,2.1013832199546414,0.8997050147492626,9.053571428571425,-10.024999999999993,5.592857142857139,-3.0178571428571366,5.532142857142849,-2.0071428571428553,False,False,6.205568673404524e-16,0.0,0.9999999999999996,0.06250001757811811,0.07692307978868484,-3,Major,0.14285714285714285,0.07142857142857142,0.14285714285714285,0.14285714285714285,0.14285714285714285,0.14285714285714285,0.07142857142857142,0,2,True,0.46153846153846156,True,2298,73,1.2441935259843717e-09,0.9999999403953552,-0.7026626966419163,0.32410941765579343,-0.15878528559329066
74,138.77326530612245,1.0,2,6,6.0,0.8823809523809416,0.9134709931170109,10.714285714285717,5.14285714285714,1.4503892858778864e-15,-22.321428571428548,31.17857142857141,-6.071428571428573,False,False,-1.0295052623802005e-15,7.485122105058052e-16,0.9999999999999997,0.0816326942784203,0.6000000238418579,-3,Major,0.5,0.16666666666666666,0.3333333333333333,0.3333333333333333,0.16666666666666666,0.3333333333333333,0.16666666666666666,1,0,False,-1.0,True,2298,74,1.2441935259843717e-09,0.9999999403953552,0.4344759477681421,-1.1544144117341935,0.2237617521123454
75,139.6556462585034,3.0,1,12,12.0,1.7414965986394577,0.9193706981317601,39.04395604395609,-33.736263736263794,9.928571428571448,-1.2692307692307396,10.807692307692284,-4.961538461538463,False,False,-2.2153110672910737e-16,0.0,1.0000000000000007,0.13000007639582942,0.09090909361839294,-3,Major,0.16666666666666666,0.25,0.25,0.16666666666666666,0.25,0.16666666666666666,0.25,0,0,True,0.0,True,2298,75,1.2441935259843717e-09,0.9999999403953552,-1.7012209734803492,1.661647513831731,-0.44228609967726923
76,141.39714285714285,3.0,1,12,12.0,1.7414965986394577,0.9311701081612586,37.53296703296707,-32.53296703296708,9.186813186813207,-6.980769230769202,16.55769230769229,-6.096153846153849,False,False,-2.2153110672910737e-16,0.0,1.0000000000000007,0.08333338501157295,0.09090909361839294,-3,Major,0.16666666666666666,0.25,0.16666666666666666,0.16666666666666666,0.16666666666666666,0.16666666666666666,0.16666666666666666,1,0,True,0.6363636363636364,True,2298,76,1.2441935259843717e-09,0.9999999403953552,-2.3413245558591664,2.596537596162149,-0.5447325245068788
77,143.1386394557823,3.0,1,12,12.0,1.7647165532879967,0.9429695181907571,37.56318681318687,-32.832417582417634,9.409340659340685,-4.77472527472524,13.851648351648322,-5.428571428571428,False,False,-2.2153110672910737e-16,0.0,1.0000000000000007,0.09039261646895534,0.09090909361839294,-3,Major,0.25,0.16666666666666666,0.25,0.16666666666666666,0.25,0.16666666666666666,0.25,0,1,False,-1.0,True,2298,77,1.2441935259843717e-09,0.9999999403953552,-1.121412454266917,1.3780093402152456,0.04055531143227186
78,144.9033560090703,3.0,1,7,7.0,1.1377777777777567,0.9547689282202556,6.428571428571428,4.071428571428572,1.3571428571428577,-33.428571428571416,41.142857142857146,-8.785714285714294,False,False,-1.3872783931361369e-16,1.1172767636103326e-15,0.9999999999999993,0.13000007639582942,0.1666666716337204,-3,Major,0.2857142857142857,0.2857142857142857,0.2857142857142857,0.2857142857142857,0.2857142857142857,0.2857142857142857,0.42857142857142855,1,0,False,-1.0,True,2298,78,1.2441935259843717e-09,0.9999999403953552,0.6456605204335525,-1.334000794203971,1.1502181802179448
79,146.04113378684806,2.0,2,24,24.0,3.4133333333333553,0.9616519174041298,-0.635314685314658,9.47531468531466,2.645384615384617,-10.422377622377606,10.822377622377607,-1.8615384615384603,False,False,6.452261782010825e-16,-4.659898629455559e-16,0.9999999999999997,0.14062507470702346,0.08695652335882187,-3,Major,0.125,0.125,0.125,0.125,0.125,0.125,0.125,1,0,False,-1.0,True,2298,79,1.2441935259843717e-09,0.9999999403953552,1.4469336256572671,-1.5616855056408574,0.679580712660688
80,149.45446712018142,2.0,2,10,10.0,1.4744671201814015,0.9852507374631269,28.227272727272712,-19.554545454545426,7.145454545454546,12.579545454545444,-7.888636363636347,0.7181818181818155,False,False,2.1577625713458836e-15,-2.249126620430637e-15,1.0000000000000007,0.12329937940986507,0.2222222238779068,-3,Major,0.3,0.2,0.3,0.3,0.2,0.3,0.2,2,0,False,-1.0,True,2298,80,1.2441935259843717e-09,0.9999999403953552,1.2814926570312977,-1.490014442269125,0.31169167310547297
81,150.92893424036282,0.0,3,3,5.0,1.7530839002267555,0.9950835791543756,-20.000000000000007,16.000000000000018,3.9999999999999973,-66.00000000000006,79.00000000000006,-19.999999999999986,True,False,4.0,-2.0000000000000013,0.9999999999999991,0.12372409365502877,0.0,-3,Major,1.0,0.0,0.6666666666666666,0.3333333333333333,0.3333333333333333,0.6666666666666666,0.0,0,0,False,-1.0,True,2298,81,1.2441935259843717e-09,0.9999999403953552,-3.9213080977976813,2.5798760984970923,0.049302541281162064
0,0.7770975056689342,2.0,2,29,56.0,22.349183673469387,0.011406844106463879,7.18427882832777,-13.087727104189845,10.761512791991105,1.633419849215173,-0.5299715733531039,-0.46162402669633007,True,True,1.5549788499789041,-0.9204960773819523,1.1740452433321988,1.0,0.125,2,Major,0.0,0.0,0.06896551724137931,0.0,0.0,0.0,0.0,0,2,True,0.3214285714285714,False,2106,0,3.706861377850146e-07,1.0,-1.1295203034137735,0.9516240053833728,0.40273886647508444
1,23.12628117913832,2.0,2,13,10.0,4.098344671201815,0.11787072243346007,7.840159840159867,3.038961038961018,3.4505494505494543,-14.601398601398566,13.74425574425571,-1.4175824175824123,False,True,-0.917082917082918,1.2302697302697312,0.597527472527473,0.5837592842737529,0.21052631735801697,2,Major,0.07692307692307693,0.0,0.0,0.15384615384615385,0.07692307692307693,0.07692307692307693,0.23076923076923078,2,0,True,0.08333333333333333,False,2106,1,3.706861377850146e-07,1.0,0.5316783048572308,-1.1626313849007905,0.8748641355687199
2,27.224625850340136,0.0,3,7,26.0,10.762426303854877,0.13688212927756654,-10.714285714285703,13.928571428571432,1.1904761904761871,-10.7142857142857,11.785714285714281,-2.023809523809527,True,True,46.14285712582722,-46.571428554398665,10.456349205403107,0.3202581544422089,0.0,2,Major,0.10714285714285714,0.10714285714285714,0.10714285714285714,0.10714285714285714,0.10714285714285714,0.10714285714285714,0.10714285714285714,4,0,False,-1.0,False,2106,2,3.706861377850146e-07,1.0,-1.5958101585918332,0.6560514172048774,0.6016414019834976
3,37.98705215419501,2.0,2,14,19.0,7.709047619047617,0.18631178707224336,15.669642857142867,-15.583928571428576,9.43928571428571,-1.8571428571428552,0.19999999999999965,0.5428571428571423,True,True,15.970373378667452,-11.215827924625154,1.8686688318316431,0.6848505731494053,0.2857142984867096,2,Major,0.07142857142857142,0.14285714285714285,0.21428571428571427,0.07142857142857142,0.07142857142857142,0.0,0.0,1,0,False,-1.0,False,2106,3,3.706861377850146e-07,1.0,-1.5122217043648993,-0.2793555976111058,1.1125388412317436
4,45.69609977324263,1.0,2,3,6.0,2.426485260770974,0.2224334600760456,-2.0000000000000027,3.0000000000000036,1.2819751242557095e-16,6.000000000000012,-11.000000000000014,4.999999999999999,False,True,-1.166666746139528,1.4166667461395277,0.2500000000000001,0.5560780269532721,0.6000000238418579,2,Major,0.3333333333333333,0.3333333333333333,0.0,0.0,0.0,0.3333333333333333,0.0,1,0,True,0.5,False,2106,4,3.706861377850146e-07,1.0,-0.7076264739872686,-0.2756653762807992,0.9986019817610571
5,48.1225850340136,3.0,1,24,41.0,17.00861678004535,0.2338403041825095,21.39562937062943,-39.185629370629414,25.51423076923077,8.761713286713288,-8.731713286713289,0.9234615384615398,True,True,5.8287442423976445,-4.927910890189509,1.8989423135381491,0.5606026325848872,0.1515151560306549,2,Major,0.08333333333333333,0.08333333333333333,0.125,0.08333333333333333,0.0,0.041666666666666664,0.041666666666666664,0,2,True,0.08695652173913043,False,2106,5,3.706861377850146e-07,1.0,-2.4066191049943635,2.904996442751739,-0.17710289269243748
6,65.13120181405895,0.0,3,13,10.0,4.0983219954648575,0.311787072243346,7.840159840159867,3.038961038961018,3.4505494505494543,-14.601398601398566,13.74425574425571,-1.4175824175824123,False,True,-0.917082917082918,1.2302697302697312,0.597527472527473,0.708759173559578,0.0,2,Major,0.07692307692307693,0.07692307692307693,0.0,0.15384615384615385,0.07692307692307693,0.07692307692307693,0.23076923076923078,2,0,True,0.08333333333333333,False,2106,6,3.706861377850146e-07,1.0,1.1289497250515168,-1.8019141929775124,1.053610845929083
7,69.22952380952381,2.0,2,7,26.0,11.064308390022674,0.33079847908745247,-10.714285714285703,13.928571428571432,1.1904761904761871,-10.7142857142857,11.785714285714281,-2.023809523809527,True,True,46.14285712582722,-46.571428554398665,10.456349205403107,0.3202581544422089,0.4000000059604645,2,Major,0.10714285714285714,0.10714285714285714,0.10714285714285714,0.10714285714285714,0.10714285714285714,0.10714285714285714,0.10714285714285714,4,0,False,-1.0,False,2106,7,3.706861377850146e-07,1.0,-1.8090651172196057,0.9175590059822957,0.6103891664394936
8,80.29383219954649,0.0,3,14,19.0,7.82512471655329,0.38022813688212925,15.669642857142867,-15.583928571428576,9.43928571428571,-1.8571428571428552,0.19999999999999965,0.5428571428571423,True,True,15.970373378667452,-11.215827924625154,1.8686688318316431,0.6848505731494053,0.0,2,Major,0.07142857142857142,0.14285714285714285,0.21428571428571427,0.07142857142857142,0.07142857142857142,0.0,0.0,1,0,False,-1.0,False,2106,8,3.706861377850146e-07,1.0,0.39636066226839073,-1.8485110335962172,1.2499341280093754
9,88.11895691609978,3.0,1,3,6.0,2.4032653061224494,0.41634980988593157,-2.0000000000000027,3.0000000000000036,1.2819751242557095e-16,6.000000000000012,-11.000000000000014,4.999999999999999,False,True,-1.166666746139528,1.4166667461395277,0.2500000000000001,0.5560780269532721,1.0,2,Major,0.3333333333333333,0.0,0.0,0.0,0.0,0.3333333333333333,0.3333333333333333,1,0,True,0.5,False,2106,9,3.706861377850146e-07,1.0,-0.5045977339745199,-1.6557900516517898,1.5014361045432172
10,90.52222222222223,1.0,2,23,53.0,21.96607709750566,0.42775665399239543,19.198757763975177,-37.17701863354041,25.47826086956524,16.15155279503109,-14.934161490683262,1.7000000000000062,True,True,47.60175982350892,-37.38255692409436,5.568478259573819,0.5606026325848872,0.10000000149011612,2,Major,0.13043478260869565,0.08695652173913043,0.13043478260869565,0.08695652173913043,0.0,0.043478260869565216,0.043478260869565216,0,0,True,0.09090909090909091,False,2106,10,3.706861377850146e-07,1.0,-3.748499672599912,4.861595168573156,-0.6334769468355957
11,112.48829931972789,2.0,2,2,1.0,0.37151927437642485,0.5285171102661597,0.0,7.999999999999998,0.0,0.0,5.999999999999998,1.9999999999999998,False,True,0.0,0.9782608691602943,0.02173913083970547,0.8200000021666674,0.0,2,Major,0.0,0.3333333333333333,0.16666666666666666,0.16666666666666666,0.16666666666666666,0.0,0.3333333333333333,1,1,True,1.0,False,2106,11,3.706861377850146e-07,1.0,0.3063116976991295,0.09409062210470413,-0.45527255218476026
12,112.48829931972789,2.0,2,8,4.0,1.5789569160997843,0.5285171102661597,9.33333333333334,-6.1666666666666785,3.0,20.416666666666675,-19.916666666666682,3.9166666666666683,False,True,-1.997282607868934,2.567934781545773,0.30706521767812517,0.8200000021666674,0.5714285969734192,2,Major,0.0,0.125,0.0,0.0,0.25,0.0,0.0,1,1,True,0.14285714285714285,False,2106,12,3.706861377850146e-07,1.0,0.8309571894703572,-0.503943701734484,-0.17751249176559658
13,112.48829931972789,2.0,2,10,5.0,1.950476190476195,0.5285171102661597,-8.284090909090931,7.902272727272747,1.6636363636363602,0.6136363636363511,-4.54090909090907,2.254545454545448,False,True,-1.8008893273178148,2.2811264812692307,0.3952569172463634,0.8200000021666674,0.4444444477558136,2,Major,0.0,0.1,0.1,0.0,0.2,0.0,0.0,1,1,True,0.1111111111111111,False,2106,13,3.706861377850146e-07,1.0,1.3941134797344663,-0.578942733916788,-0.1946357787211801
14,112.85981859410431,3.0,1,6,3.0,1.2074376417233594,0.5304182509505704,4.017857142857137,1.9821428571428648,0.5357142857142848,-8.035714285714283,16.607142857142854,-5.357142857142856,False,False,-1.0295052623802005e-15,7.485122105058052e-16,0.9999999999999997,0.07656250528645774,0.4000000059604645,2,Major,0.0,0.0,0.0,0.0,0.3333333333333333,0.0,0.0,0,1,True,0.0,False,2106,14,3.706861377850146e-07,1.0,3.0008112964230627,-2.840958998303169,0.280089897441342
15,112.85981859410431,3.0,1,8,4.0,1.57895691609977,0.5304182509505704,-17.208333333333336,18.125000000000004,-0.5416666666666652,-25.08333333333332,26.583333333333318,-5.33333333333333,False,False,-1.4470656733446837e-15,5.254534392573277e-16,1.0,0.07656250528645774,0.2857142984867096,2,Major,0.0,0.0,0.125,0.0,0.25,0.0,0.0,0,1,True,0.0,False,2106,15,3.706861377850146e-07,1.0,2.2493311894681907,-1.5175808352426072,0.04733030850469455
16,114.06725623582767,2.0,2,2,1.0,0.37151927437641064,0.5361216730038023,0.0,-1.0,0.9999999999999999,0.0,5.999999999999998,-6.999999999999998,False,False,0.0,-1.1102230246251565e-16,0.9999999999999999,0.07656250528645774,0.0,2,Major,0.125,0.125,0.125,0.0,0.25,0.0,0.125,0,1,True,0.0,False,2106,16,3.706861377850146e-07,1.0,-0.56212529540062,0.16847936511039813,0.6715596854686736
17,114.06725623582767,2.0,2,11,5.5,2.078185941043074,0.5361216730038023,-17.48251748251753,16.391608391608436,3.1048951048951006,-20.046620046620085,20.410256410256437,-4.097902097902107,False,False,4.602340233140581e-16,-6.789864556435161e-16,1.0000000000000009,0.07656250528645774,0.4000000059604645,2,Major,0.045454545454545456,0.045454545454545456,0.06818181818181818,0.045454545454545456,0.06818181818181818,0.022727272727272728,0.06818181818181818,0,0,True,0.0,False,2106,17,3.706861377850146e-07,1.0,1.0745427216272256,-1.0235574557411768,0.4646756374800421
18,114.43877551020408,3.0,1,9,4.5,1.7066666666666634,0.5380228136882129,-10.666666666666682,6.666666666666675,5.999999999999992,0.06926406926405825,-4.4692640692640575,1.9878787878787862,False,False,-1.0026131817202681e-15,9.94958841735645e-16,0.9999999999999994,0.07031250452008872,0.25,2,Major,0.05555555555555555,0.05555555555555555,0.08333333333333333,0.05555555555555555,0.08333333333333333,0.027777777777777776,0.08333333333333333,0,0,True,0.0,False,2106,18,3.706861377850146e-07,1.0,-1.225983727611869,1.6863697927206807,-0.1528177674315769
19,116.14544217687074,3.5,0,8,5.5,2.1478458049886626,0.5465779467680608,5.54166666666666,-5.45833333333333,5.624999999999998,-2.4501452878222483e-15,0.16666666666667096,-0.08333333333333554,True,False,6.125000000000001,-4.375000000000003,1.3749999999999998,0.04855372523344382,0.1428571492433548,2,Major,0.0625,0.0,0.0625,0.03125,0.03125,0.03125,0.0,0,0,True,0.0,False,2106,19,3.706861377850146e-07,1.0,-0.44688989164352644,-0.13929911232818945,0.07961395091230151
20,118.29328798185941,1.0,2,5,27.0,10.588299319727895,0.5570342205323194,14.8571428571429,-12.057142857142898,6.657142857142863,24.00000000000005,-14.800000000000054,-0.9999999999999881,True,True,46.85714285714292,-30.057142857142928,2.657142857142869,0.3737333502054173,0.6000000238418579,2,Major,0.0,0.0,0.0,0.0,0.0,0.0,0.0,2,0,True,0.0,False,2106,20,3.706861377850146e-07,1.0,0.34821869167727254,-1.2575984151963593,0.2856280176800031
21,128.8815873015873,0.0,3,2,1.0,0.38310657596372266,0.6083650190114068,0.0,7.999999999999998,0.0,0.0,8.999999999999998,-0.9999999999999992,False,True,0.0,0.9772727265954015,0.022727273404598288,0.8948304490792021,0.0,2,Major,0.0,0.3333333333333333,0.16666666666666666,0.16666666666666666,0.16666666666666666,0.0,0.3333333333333333,1,1,True,1.0,False,2106,21,3.706861377850146e-07,1.0,0.5341599639505143,0.05820612274110342,-0.37880013994872563
22,128.8815873015873,0.0,3,8,4.0,1.5673469387755006,0.6083650190114068,9.33333333333334,-6.1666666666666785,3.0,14.291666666666682,-12.04166666666669,1.79166666666667,False,True,-1.9952651501322776,2.5653409073129283,0.307765151994924,0.8948304490792021,0.0,2,Major,0.0,0.125,0.0,0.0,0.25,0.0,0.0,1,1,True,0.14285714285714285,False,2106,22,3.706861377850146e-07,1.0,1.3936751052060266,-1.1257283383796473,0.038369267653929395
23,128.8815873015873,0.0,3,10,5.0,1.9040362811791454,0.6083650190114068,-8.284090909090931,7.902272727272747,1.6636363636363602,-4.909090909090926,2.454545454545472,0.3999999999999957,False,True,-1.7990702466869914,2.2788223124701865,0.39586776901375176,0.8948304490792021,0.0,2,Major,0.0,0.1,0.1,0.0,0.2,0.0,0.0,1,1,True,0.1111111111111111,False,2106,23,3.706861377850146e-07,1.0,2.2768874775552974,-1.6198615583411462,0.0725708884889623
24,129.26469387755103,1.0,2,6,3.0,1.184240362811778,0.6102661596958175,4.017857142857137,1.9821428571428648,0.5357142857142848,-8.035714285714283,16.607142857142854,-5.357142857142856,False,False,-1.0295052623802005e-15,7.485122105058052e-16,0.9999999999999997,0.07656250528645774,0.0,2,Major,0.0,0.0,0.0,0.0,0.3333333333333333,0.0,0.0,0,1,True,0.0,False,2106,24,3.706861377850146e-07,1.0,4.301746331247414,-4.150543188768353,0.5642325715724772
25,129.26469387755103,1.0,2,8,4.0,1.5209297052154227,0.6102661596958175,-17.208333333333336,18.125000000000004,-0.5416666666666652,-25.08333333333332,26.583333333333318,-5.33333333333333,False,False,-1.4470656733446837e-15,5.254534392573277e-16,1.0,0.07656250528645774,0.8571428656578064,2,Major,0.0,0.0,0.125,0.0,0.25,0.0,0.0,0,1,True,0.0,False,2106,25,3.706861377850146e-07,1.0,4.244769723187868,-3.613580835085098,0.4344844318527198
26,130.4489342403628,0.0,3,2,1.0,0.3366893424036448,0.6159695817490495,0.0,-1.0,0.9999999999999999,0.0,5.999999999999998,-6.999999999999998,False,False,0.0,-1.1102230246251565e-16,0.9999999999999999,0.07656250528645774,0.0,2,Major,0.125,0.125,0.125,0.0,0.25,0.0,0.125,0,1,True,0.0,False,2106,26,3.706861377850146e-07,1.0,0.0,-0.148811995983124,0.8253412842750549
27,130.4489342403628,0.0,3,11,5.5,2.031746031746053,0.6159695817490495,-17.48251748251753,16.391608391608436,3.1048951048951006,-20.046620046620085,20.410256410256437,-4.097902097902107,False,False,4.602340233140581e-16,-6.789864556435161e-16,1.0000000000000009,0.07656250528645774,0.0,2,Major,0.045454545454545456,0.045454545454545456,0.06818181818181818,0.045454545454545456,0.06818181818181818,0.022727272727272728,0.06818181818181818,0,0,True,0.0,False,2106,27,3.706861377850146e-07,1.0,0.8502202757240029,-0.9947820273029858,0.6228069822815124
28,130.78562358276645,1.0,2,9,4.5,1.6950566893424082,0.6178707224334601,-10.666666666666682,6.666666666666675,5.999999999999992,0.06926406926405825,-4.4692640692640575,1.9878787878787862,False,False,-1.0026131817202681e-15,9.94958841735645e-16,0.9999999999999994,0.07031250452008872,0.75,2,Major,0.05555555555555555,0.05555555555555555,0.08333333333333333,0.05555555555555555,0.08333333333333333,0.027777777777777776,0.08333333333333333,0,0,True,0.0,False,2106,28,3.706861377850146e-07,1.0,-0.03675668453653476,0.10919511713418145,0.3354103184229206
29,132.48068027210886,1.5,2,8,5.5,2.171065759637173,0.626425855513308,5.54166666666666,-5.45833333333333,5.624999999999998,-2.4501452878222483e-15,0.16666666666667096,-0.08333333333333554,True,False,6.125000000000001,-4.375000000000003,1.3749999999999998,0.04855372523344382,0.7142857313156128,2,Major,0.0625,0.0,0.0625,0.03125,0.03125,0.03125,0.0,0,0,True,0.0,False,2106,29,3.706861377850146e-07,1.0,0.9630973430916163,-1.3256102742212668,0.28454004719101833
30,134.65174603174603,3.0,1,5,18.0,7.0704761904761995,0.6368821292775665,14.8571428571429,-12.057142857142898,6.657142857142863,24.00000000000005,-14.800000000000054,-0.9999999999999881,True,True,26.285714285714334,-16.685714285714333,1.8857142857142972,0.3737333502054173,0.20000000298023224,2,Major,0.0,0.0,0.0,0.0,0.0,0.0,0.0,2,0,True,0.0,False,2106,30,3.706861377850146e-07,1.0,0.41927556385563475,-0.7930028592543467,0.08977431481974771
31,141.72222222222223,1.0,2,20,10.0,3.8893424036281203,0.6711026615969582,-23.112554112554097,24.141125541125525,1.0363636363636322,-3.557359307359308,2.571645021645023,-0.11883116883116981,False,True,-1.1269980003186435,1.3879870109187502,0.6434815190127724,0.7827513164224303,0.31578946113586426,2,Major,0.1,0.1,0.05,0.1,0.15,0.05,0.05,4,6,True,0.15789473684210525,False,2106,31,3.706861377850146e-07,1.0,0.8362613051058908,-0.45873749464267644,0.03032470558607872
32,145.61156462585035,3.0,1,10,5.0,2.1478458049886626,0.6901140684410646,8.897727272727293,-19.643181818181823,11.590909090909092,0.6136363636363633,-0.06818181818182141,-1.3818181818181792,False,False,2.1577625713458836e-15,-2.249126620430637e-15,1.0000000000000007,0.12422839974708498,0.2222222238779068,2,Major,0.0,0.2,0.2,0.0,0.1,0.1,0.2,0,1,True,0.0,False,2106,32,3.706861377850146e-07,1.0,-0.1851422322783411,0.5737857497396437,-0.1270806317473746
33,147.759410430839,0.0,3,3,15.0,6.0023582766439745,0.6996197718631179,-13.999999999999996,7.000000000000004,6.999999999999999,-3.999999999999989,-8.000000000000009,4.999999999999999,True,False,54.0,-27.000000000000014,0.9999999999999947,0.15624998895089515,0.0,2,Major,0.3333333333333333,0.0,0.3333333333333333,0.3333333333333333,0.0,0.0,0.0,2,0,False,-1.0,False,2106,33,3.706861377850146e-07,1.0,-2.6043889295648457,1.8329287638041112,-0.7594475076957187
34,153.761768707483,3.0,1,20,10.0,4.028639455782326,0.7281368821292775,-23.112554112554097,24.141125541125525,1.0363636363636322,14.02380952380952,-19.080952380952375,5.442857142857145,False,True,-1.130217994418139,1.3919526878623394,0.6424628948405772,0.8327479723774303,0.10526315867900848,2,Major,0.05,0.1,0.0,0.1,0.15,0.05,0.05,4,6,True,0.15789473684210525,False,2106,34,3.706861377850146e-07,1.0,-0.5781767536370597,1.1737536115169993,-0.3294777789711302
35,157.7904081632653,1.0,2,12,6.0,2.7631746031746047,0.747148288973384,23.35989010989013,-30.859890109890127,12.20604395604397,6.134615384615379,-3.096153846153839,-1.1730769230769227,False,False,-2.2153110672910737e-16,0.0,1.0000000000000007,0.12422839974708498,0.5454545617103577,2,Major,0.0,0.16666666666666666,0.16666666666666666,0.0,0.08333333333333333,0.08333333333333333,0.16666666666666666,0,4,True,0.0,False,2106,35,3.706861377850146e-07,1.0,-2.481236170789787,1.720450583891788,-0.2321202117706581
36,160.55358276643992,3.0,1,6,12.0,14.616961451247164,0.7585551330798479,-26.785714285714278,35.35714285714285,2.142857142857139,-20.982142857142836,20.839285714285698,-1.892857142857138,True,True,12.351190458450983,-16.01785712369849,5.202380950961792,0.3056919124728594,0.8181818127632141,2,Major,0.16666666666666666,0.0,0.3333333333333333,0.16666666666666666,0.0,0.0,0.0,0,3,False,-1.0,False,2106,36,3.706861377850146e-07,1.0,-5.89845396221838,7.247897125032877,-1.509399092628485
37,175.17054421768708,3.0,1,10,23.0,10.39095238095237,0.7813688212927756,37.43181818181818,-38.95909090909088,10.309090909090909,-0.30681818181818904,6.034090909090912,-3.4090909090909096,True,True,8.181818325072529,-7.400000106949697,2.321212133223361,0.3181788597080875,0.6000000238418579,2,Major,0.0,0.0,0.1,0.0,0.0,0.0,0.0,0,2,True,0.4444444444444444,False,2106,37,3.706861377850146e-07,1.0,0.12548621880066077,-0.43005308228428396,0.6854798184318927
38,185.56149659863945,2.0,2,13,10.0,4.144761904761907,0.8250950570342205,7.840159840159867,3.038961038961018,3.4505494505494543,-14.601398601398566,13.74425574425571,-1.4175824175824123,False,True,-0.917082917082918,1.2302697302697312,0.597527472527473,0.5837592842737529,0.21052631735801697,2,Major,0.07692307692307693,0.15384615384615385,0.0,0.07692307692307693,0.07692307692307693,0.07692307692307693,0.15384615384615385,2,0,True,0.08333333333333333,False,2106,38,3.706861377850146e-07,1.0,1.4246665759080772,-1.889092119419447,1.0050062911575766
39,189.70625850340136,0.0,3,7,26.0,10.774058956916093,0.844106463878327,-10.714285714285703,13.928571428571432,1.1904761904761871,-10.7142857142857,11.785714285714281,-2.023809523809527,True,True,46.14285712582722,-46.571428554398665,10.456349205403107,0.3202581544422089,0.0,2,Major,0.10714285714285714,0.10714285714285714,0.10714285714285714,0.10714285714285714,0.10714285714285714,0.10714285714285714,0.10714285714285714,4,0,False,-1.0,False,2106,39,3.706861377850146e-07,1.0,-0.33252487746447235,-0.580883610038546,0.6660542944981451
40,200.48031746031745,2.0,2,14,19.0,7.83673469387756,0.8935361216730038,15.669642857142867,-15.583928571428576,9.43928571428571,-1.8571428571428552,0.19999999999999965,0.5428571428571423,True,True,15.970373378667452,-11.215827924625154,1.8686688318316431,0.6848505731494053,0.2857142984867096,2,Major,0.07142857142857142,0.0,0.21428571428571427,0.14285714285714285,0.07142857142857142,0.0,0.07142857142857142,1,0,False,-1.0,False,2106,40,3.706861377850146e-07,1.0,-0.7860188180432776,-0.879829915704429,1.3526362412366548
41,208.317052154195,1.0,2,3,6.0,2.4032653061224494,0.9296577946768061,-2.0000000000000027,3.0000000000000036,1.2819751242557095e-16,6.000000000000012,-11.000000000000014,4.999999999999999,False,True,-1.166666746139528,1.4166667461395277,0.2500000000000001,0.5560780269532721,0.6000000238418579,2,Major,0.0,0.3333333333333333,0.0,0.0,0.0,0.3333333333333333,0.0,1,0,True,0.5,False,2106,41,3.706861377850146e-07,1.0,-1.4359342456992807,-1.4652347638074221,1.3527415758506827
42,210.72031746031746,3.0,1,23,31.0,14.338321995464838,0.94106463878327,19.198757763975177,-37.17701863354041,25.47826086956524,16.15155279503109,-14.934161490683262,1.7000000000000062,True,True,1.3061076495958384,-1.6086438806160617,1.5510869552259867,0.5606026325848872,0.1666666716337204,2,Major,0.13043478260869565,0.13043478260869565,0.08695652173913043,0.13043478260869565,0.0,0.043478260869565216,0.043478260869565216,0,0,True,0.09090909090909091,False,2106,42,3.706861377850146e-07,1.0,-11.777789389581931,11.103304901010876,-1.4185111621376194
